episode_reward_max,episode_reward_min,episode_reward_mean,episode_len_mean,episodes_this_iter,timesteps_this_iter,done,timesteps_total,episodes_total,training_iteration,experiment_id,date,timestamp,time_this_iter_s,time_total_s,pid,hostname,node_ip,time_since_restore,timesteps_since_restore,iterations_since_restore,sampler_perf/mean_env_wait_ms,sampler_perf/mean_processing_ms,sampler_perf/mean_inference_ms,info/num_steps_trained,info/num_steps_sampled,info/sample_time_ms,info/load_time_ms,info/grad_time_ms,info/update_time_ms,info/learner/default_policy/cur_kl_coeff,info/learner/default_policy/cur_lr,info/learner/default_policy/total_loss,info/learner/default_policy/policy_loss,info/learner/default_policy/vf_loss,info/learner/default_policy/vf_explained_var,info/learner/default_policy/kl,info/learner/default_policy/entropy,info/learner/default_policy/entropy_coeff
0.351,-0.6680000000000005,-0.12600000000000022,573.0,13,7449,False,2611332,43903,581,3cfd2f0e9d0a4660aae7288d1508ad82,2020-01-03_10-35-45,1578076545,6.747543096542358,2043.0352125167847,8841,Francesco-PC,132.239.10.91,6.747543096542358,7449,1,0.2901006414267038,0.2987436233984919,1.0090218737920034,2573312,2611332,1862.162,67.183,4129.054,631.227,2.278125047683716,9.999999747378752e-05,-0.009451817,-0.028221706,0.0020916024,0.18976746,0.007321059,1.3106179,0.0
0.4750000000000001,-2.8899999999999997,0.04531914893617014,258.6170212765957,34,4706,False,2616038,43937,582,3cfd2f0e9d0a4660aae7288d1508ad82,2020-01-03_10-35-48,1578076548,3.5056891441345215,2046.5409016609192,8841,Francesco-PC,132.239.10.91,10.25323224067688,12155,2,0.29666535769673047,0.30044081275853257,0.9862596573504452,2577920,2616038,1508.32,34.755,3231.392,317.951,0.20000000298023224,9.999999747378752e-05,-0.049287364,-0.06583034,0.006811516,0.5401386,0.048657287,1.1720719,0.0
0.5489999999999999,-20.005,-0.7206,91.45,66,4439,False,2620477,44003,583,3cfd2f0e9d0a4660aae7288d1508ad82,2020-01-03_10-35-51,1578076551,3.3616700172424316,2049.9025716781616,8841,Francesco-PC,132.239.10.91,13.614902257919312,16594,3,0.3032808535893816,0.3017256570655224,0.9719605761836412,2582272,2620477,1381.265,23.803,2893.468,213.369,0.30000001192092896,9.999999747378752e-05,-0.0008538944,-0.071759544,0.064121574,0.9797922,0.02261357,1.5891827,0.0
0.559,-17.903,-0.97198,53.5,87,4484,False,2624961,44090,584,3cfd2f0e9d0a4660aae7288d1508ad82,2020-01-03_10-35-55,1578076555,3.402717113494873,2053.3052887916565,8841,Francesco-PC,132.239.10.91,17.017619371414185,21078,4,0.3099339127450095,0.3023670155311216,0.9597237376361042,2586752,2624961,1318.034,18.342,2734.484,161.026,0.44999998807907104,9.999999747378752e-05,0.010780853,-0.06883013,0.07032511,0.976851,0.020635258,1.6962525,0.0
0.537,-20.912,-1.2947099999999998,47.3,89,4206,False,2629167,44179,585,3cfd2f0e9d0a4660aae7288d1508ad82,2020-01-03_10-35-58,1578076558,3.2042055130004883,2056.509494304657,8841,Francesco-PC,132.239.10.91,20.221824884414673,25284,5,0.3154458115134807,0.3037110814748599,0.9607151291520353,2590848,2629167,1276.992,15.073,2602.259,129.764,0.675000011920929,9.999999747378752e-05,0.14507842,-0.07337441,0.204618,0.9386889,0.020496067,1.7367387,0.0
0.4709999999999999,-23.811,-1.8298899999999998,47.81,92,4385,False,2633552,44271,586,3cfd2f0e9d0a4660aae7288d1508ad82,2020-01-03_10-36-01,1578076561,3.3496997356414795,2059.8591940402985,8841,Francesco-PC,132.239.10.91,23.571524620056152,29669,6,0.3197585456122073,0.30496697482299473,0.9565816459174661,2595200,2633552,1249.07,12.905,2539.022,108.81,1.0125000476837158,9.999999747378752e-05,0.55404955,-0.060577422,0.59800285,0.9023713,0.016418913,1.6623688,0.0
0.545,-23.811,-1.5723000000000005,52.05,82,4439,False,2637991,44353,587,3cfd2f0e9d0a4660aae7288d1508ad82,2020-01-03_10-36-05,1578076565,3.324185848236084,2063.1833798885345,8841,Francesco-PC,132.239.10.91,26.895710468292236,34108,7,0.3219105095218326,0.3054433345328667,0.9519859223493324,2599552,2637991,1228.54,11.33,2490.947,93.865,1.0125000476837158,9.999999747378752e-05,0.111800425,-0.07419151,0.17185119,0.93858093,0.013966174,1.6401858,0.0
0.55,-15.016,-0.8117899999999999,60.39,70,4208,False,2642199,44423,588,3cfd2f0e9d0a4660aae7288d1508ad82,2020-01-03_10-36-08,1578076568,3.182206392288208,2066.3655862808228,8841,Francesco-PC,132.239.10.91,30.077916860580444,38316,8,0.32348270423594067,0.3053278214949783,0.9449812020181036,2603648,2642199,1210.959,10.152,2439.32,82.639,1.0125000476837158,9.999999747378752e-05,0.00457476,-0.07038316,0.062404297,0.96772116,0.012398634,1.6944968,0.0
0.55,-14.782000000000002,-0.6703300000000003,50.08,90,4399,False,2646598,44513,589,3cfd2f0e9d0a4660aae7288d1508ad82,2020-01-03_10-36-11,1578076571,3.351356029510498,2069.7169423103333,8841,Francesco-PC,132.239.10.91,33.42927289009094,42715,9,0.3257967184412383,0.30674866082864677,0.9457061722604174,2608000,2646598,1199.351,9.246,2415.811,73.92,1.0125000476837158,9.999999747378752e-05,0.09623032,-0.064536,0.1455842,0.94460016,0.0149946865,1.7258673,0.0
0.5409999999999999,-20.932000000000006,-0.7666900000000004,46.11,90,4214,False,2650812,44603,590,3cfd2f0e9d0a4660aae7288d1508ad82,2020-01-03_10-36-15,1578076575,3.1893866062164307,2072.9063289165497,8841,Francesco-PC,132.239.10.91,36.61865949630737,46929,10,0.32720701497151383,0.3067753333713426,0.9432645233595167,2612096,2650812,1188.687,8.534,2382.201,66.943,1.0125000476837158,9.999999747378752e-05,0.02841172,-0.06679261,0.081290334,0.9581244,0.0137422215,1.7324387,0.0
0.5660000000000001,-18.943000000000005,-1.6785999999999999,46.16,93,4274,False,2655086,44696,591,3cfd2f0e9d0a4660aae7288d1508ad82,2020-01-03_10-36-19,1578076579,3.255491018295288,2076.161819934845,8841,Francesco-PC,132.239.10.91,39.87415051460266,51203,11,0.32895622044169753,0.30716968457268556,0.9416479487931396,2616320,2655086,1111.797,2.028,2183.586,4.456,1.0125000476837158,9.999999747378752e-05,0.32451016,-0.06222761,0.37413105,0.89924574,0.0124510955,1.7614491,0.0
0.5290000000000001,-16.874000000000002,-1.2329400000000001,50.79,81,4315,False,2659401,44777,592,3cfd2f0e9d0a4660aae7288d1508ad82,2020-01-03_10-36-22,1578076582,3.287607192993164,2079.449427127838,8841,Francesco-PC,132.239.10.91,43.161757707595825,55518,12,0.33022467103133485,0.30770548910345064,0.9410347753198615,2620544,2659401,1106.346,1.967,2167.289,4.425,1.0125000476837158,9.999999747378752e-05,0.03178589,-0.069518924,0.0865801,0.9483701,0.014542933,1.6458946,0.0
0.55,-26.005,-0.82797,62.77,68,4255,False,2663656,44845,593,3cfd2f0e9d0a4660aae7288d1508ad82,2020-01-03_10-36-25,1578076585,3.242893934249878,2082.692321062088,8841,Francesco-PC,132.239.10.91,46.4046516418457,59773,13,0.33038027320554064,0.30717899649125474,0.9377379081814476,2624768,2663656,1102.095,1.97,2159.655,4.47,1.0125000476837158,9.999999747378752e-05,0.34966326,-0.050925374,0.39049894,0.8891388,0.009965104,1.7205327,0.0
0.538,-17.012,-1.35875,51.53,89,4395,False,2668051,44934,594,3cfd2f0e9d0a4660aae7288d1508ad82,2020-01-03_10-36-29,1578076589,3.347252130508423,2086.0395731925964,8841,Francesco-PC,132.239.10.91,49.751903772354126,64168,14,0.33128858297657016,0.3077416464001013,0.9380697606041707,2629120,2668051,1102.559,1.966,2153.603,4.536,1.0125000476837158,9.999999747378752e-05,0.17486003,-0.070123255,0.23079278,0.9642583,0.014015315,1.8067231,0.0
0.5149999999999999,-16.699999999999996,-0.1119399999999999,50.51,84,4225,False,2672276,45018,595,3cfd2f0e9d0a4660aae7288d1508ad82,2020-01-03_10-36-32,1578076592,3.225281238555908,2089.2648544311523,8841,Francesco-PC,132.239.10.91,52.977185010910034,68393,15,0.3321565713334249,0.3078785031599618,0.937536315957771,2633344,2672276,1098.705,1.967,2159.65,4.535,1.0125000476837158,9.999999747378752e-05,-0.0044768453,-0.058724392,0.041516446,-0.10174678,0.0125739295,1.6276815,0.0
0.51,-22.939999999999994,-2.30232,44.96,95,4265,False,2676541,45113,596,3cfd2f0e9d0a4660aae7288d1508ad82,2020-01-03_10-36-35,1578076595,3.2564704418182373,2092.5213248729706,8841,Francesco-PC,132.239.10.91,56.23365545272827,72658,16,0.3330995475674484,0.30816103698437564,0.9364136822998245,2637568,2676541,1097.4,2.002,2151.673,4.549,1.0125000476837158,9.999999747378752e-05,0.4428425,-0.06993784,0.49777055,0.9298283,0.014824475,1.8321202,0.0
0.48500000000000004,-26.0,-1.9297000000000002,53.38,81,4487,False,2681028,45194,597,3cfd2f0e9d0a4660aae7288d1508ad82,2020-01-03_10-36-39,1578076599,3.478734254837036,2096.0000591278076,8841,Francesco-PC,132.239.10.91,59.71238970756531,77145,17,0.3338693438376258,0.30831971062758456,0.9376548887680543,2642048,2681028,1105.673,2.014,2158.758,4.56,1.0125000476837158,9.999999747378752e-05,0.20784944,-0.06383439,0.25937417,0.9368327,0.0121576935,1.6675123,0.0
0.5910000000000001,-14.763000000000002,-0.4316900000000002,73.49,60,5034,False,2686062,45254,598,3cfd2f0e9d0a4660aae7288d1508ad82,2020-01-03_10-36-43,1578076603,3.9874370098114014,2099.987496137619,8841,Francesco-PC,132.239.10.91,63.69982671737671,82179,18,0.33322765836750434,0.30804740757110644,0.9362668292987698,2647040,2686062,1139.438,2.059,2205.357,4.611,1.0125000476837158,9.999999747378752e-05,-0.022074262,-0.06297384,0.022683376,-0.51428777,0.01799131,1.6273959,0.0
0.5910000000000001,-0.8859999999999999,0.19829,94.89,56,5697,False,2691759,45310,599,3cfd2f0e9d0a4660aae7288d1508ad82,2020-01-03_10-36-47,1578076607,4.491493225097656,2104.4789893627167,8841,Francesco-PC,132.239.10.91,68.19131994247437,87876,19,0.3310004969084123,0.3067804251302023,0.9326376397319486,2652672,2691759,1189.678,2.165,2268.949,4.658,1.0125000476837158,9.999999747378752e-05,0.013958713,-0.0251325,0.016152017,-0.67312604,0.022655994,1.5982283,0.0
0.501,-0.8859999999999999,0.18513000000000002,95.17,52,4381,False,2696140,45362,600,3cfd2f0e9d0a4660aae7288d1508ad82,2020-01-03_10-36-51,1578076611,3.357849359512329,2107.836838722229,8841,Francesco-PC,132.239.10.91,71.5491693019867,92257,20,0.3296160133445071,0.3057266488512213,0.931117958737744,2657024,2696140,1190.839,2.183,2284.607,4.66,1.5187499523162842,9.999999747378752e-05,-0.042957865,-0.07258953,0.009835076,-0.036142923,0.013034794,1.5626249,0.0
0.506,-31.900999999999996,-1.4587200000000005,62.27,79,4386,False,2700526,45441,601,3cfd2f0e9d0a4660aae7288d1508ad82,2020-01-03_10-36-55,1578076615,3.30635404586792,2111.143192768097,8841,Francesco-PC,132.239.10.91,74.85552334785461,96643,21,0.3302109635128519,0.30590021995945305,0.9304243799559418,2661376,2700526,1189.925,2.19,2290.676,4.572,1.5187499523162842,9.999999747378752e-05,0.27382037,-0.056384593,0.31757215,0.95013505,0.008317908,1.7015808,0.0
0.484,-26.924999999999997,-2.7261500000000005,45.15,98,4326,False,2704852,45539,602,3cfd2f0e9d0a4660aae7288d1508ad82,2020-01-03_10-36-58,1578076618,3.28218150138855,2114.4253742694855,8841,Francesco-PC,132.239.10.91,78.13770484924316,100969,22,0.3303372995721673,0.3061309270560285,0.9298458478891369,2665600,2704852,1192.263,2.217,2287.775,4.553,1.5187499523162842,9.999999747378752e-05,0.81975627,-0.052372124,0.8585144,0.9263048,0.008963977,1.8188019,0.0
0.4700000000000001,-24.749999999999993,-1.8699000000000001,55.05,77,4379,False,2709231,45616,603,3cfd2f0e9d0a4660aae7288d1508ad82,2020-01-03_10-37-02,1578076622,3.344898223876953,2117.7702724933624,8841,Francesco-PC,132.239.10.91,81.48260307312012,105348,23,0.3301611505850323,0.305909886851137,0.9290338556226959,2669952,2709231,1195.801,2.224,2294.429,4.514,1.5187499523162842,9.999999747378752e-05,0.26236093,-0.057937305,0.30607176,0.9558287,0.009367227,1.7066555,0.0
0.5550000000000002,-21.005,-0.8141600000000001,63.76,67,4379,False,2713610,45683,604,3cfd2f0e9d0a4660aae7288d1508ad82,2020-01-03_10-37-05,1578076625,3.327908515930176,2121.0981810092926,8841,Francesco-PC,132.239.10.91,84.8105115890503,109727,24,0.33041747320102977,0.30578036582510165,0.9281698248243928,2674304,2713610,1193.453,2.25,2294.853,4.456,1.5187499523162842,9.999999747378752e-05,0.08007521,-0.05351795,0.123194516,0.73898417,0.0068468424,1.6728054,0.0
0.5550000000000002,-24.005,-2.1152099999999994,52.36,84,4352,False,2717962,45767,605,3cfd2f0e9d0a4660aae7288d1508ad82,2020-01-03_10-37-08,1578076628,3.3019227981567383,2124.4001038074493,8841,Francesco-PC,132.239.10.91,88.11243438720703,114079,25,0.3313444648613744,0.30665282422581,0.9296451521358807,2678656,2717962,1195.478,2.238,2300.561,4.387,1.5187499523162842,9.999999747378752e-05,0.3873018,-0.0617961,0.42883483,0.9334421,0.013341926,1.7833471,0.0
0.4769999999999999,-18.951999999999995,-0.8767900000000002,54.69,82,4280,False,2722242,45849,606,3cfd2f0e9d0a4660aae7288d1508ad82,2020-01-03_10-37-12,1578076632,3.275743246078491,2127.675847053528,8841,Francesco-PC,132.239.10.91,91.38817763328552,118359,26,0.3317687335413765,0.3065329014051104,0.9296617977068006,2682880,2722242,1194.861,2.185,2303.161,4.385,1.5187499523162842,9.999999747378752e-05,0.39118856,-0.055104345,0.4342507,0.89666283,0.007929012,1.7728672,0.0
0.488,-29.020999999999997,-2.5682899999999993,47.14,94,4497,False,2726739,45943,607,3cfd2f0e9d0a4660aae7288d1508ad82,2020-01-03_10-37-15,1578076635,3.461716413497925,2131.1375634670258,8841,Francesco-PC,132.239.10.91,94.84989404678345,122856,27,0.3322291142542911,0.30694155240933796,0.9294909710023511,2687360,2726739,1194.311,2.21,2301.972,4.414,1.5187499523162842,9.999999747378752e-05,0.44030288,-0.059772853,0.4862284,0.9338003,0.0091175595,1.8026,0.0
0.47900000000000004,-38.981,-2.16126,54.82,82,4454,False,2731193,46025,608,3cfd2f0e9d0a4660aae7288d1508ad82,2020-01-03_10-37-18,1578076638,3.423129081726074,2134.560692548752,8841,Francesco-PC,132.239.10.91,98.27302312850952,127310,28,0.3319960913532225,0.30674735642093837,0.9285293729322123,2691712,2731193,1172.015,2.178,2267.894,4.378,1.5187499523162842,9.999999747378752e-05,0.47998714,-0.05493762,0.5226667,0.9423771,0.008071134,1.7050673,0.0
0.5549999999999999,-28.012,-1.23802,60.66,75,4513,False,2735706,46100,609,3cfd2f0e9d0a4660aae7288d1508ad82,2020-01-03_10-37-22,1578076642,3.4314799308776855,2137.9921724796295,8841,Francesco-PC,132.239.10.91,101.7045030593872,131823,29,0.33194065968361697,0.3064089665984373,0.9279129577548111,2696192,2735706,1125.036,2.095,2209.057,4.352,1.5187499523162842,9.999999747378752e-05,0.028371667,-0.060430996,0.07505912,0.9743964,0.009049238,1.7059009,0.0
0.551,-25.021999999999995,-1.6352899999999997,55.4,79,4433,False,2740139,46179,610,3cfd2f0e9d0a4660aae7288d1508ad82,2020-01-03_10-37-25,1578076645,3.3215954303741455,2141.3137679100037,8841,Francesco-PC,132.239.10.91,105.02609848976135,136256,30,0.33246135119171205,0.30685826361761115,0.9283868335771861,2700544,2740139,1125.706,2.103,2204.73,4.356,1.5187499523162842,9.999999747378752e-05,0.20859133,-0.06155448,0.25666994,0.9744475,0.008873014,1.756909,0.0
0.533,-25.021999999999995,-2.4208300000000005,50.76,88,4362,False,2744501,46267,611,3cfd2f0e9d0a4660aae7288d1508ad82,2020-01-03_10-37-30,1578076650,3.3147411346435547,2144.628509044647,8841,Francesco-PC,132.239.10.91,108.34083962440491,140618,31,0.33265331164196577,0.30709928963545385,0.9283919122085106,2704896,2744501,1127.344,2.058,2204.031,4.321,1.5187499523162842,9.999999747378752e-05,0.73964626,-0.05595319,0.77994585,0.91505903,0.010306891,1.8000968,0.0
0.533,-29.903000000000002,-2.772559999999999,50.06,88,4370,False,2748871,46355,612,3cfd2f0e9d0a4660aae7288d1508ad82,2020-01-03_10-37-33,1578076653,3.3829703330993652,2148.0114793777466,8841,Francesco-PC,132.239.10.91,111.72380995750427,144988,32,0.3331629975592165,0.30739091941995844,0.9287174070153725,2709248,2748871,1130.801,2.072,2210.625,4.342,1.5187499523162842,9.999999747378752e-05,0.62424827,-0.0634469,0.67225647,0.9336932,0.010165392,1.7537768,0.0
0.533,-25.769999999999996,-1.3408100000000003,52.65,88,4440,False,2753311,46443,613,3cfd2f0e9d0a4660aae7288d1508ad82,2020-01-03_10-37-36,1578076656,3.3851518630981445,2151.3966312408447,8841,Francesco-PC,132.239.10.91,115.10896182060242,149428,33,0.33340429901598667,0.30737759159124367,0.9284290961552978,2713600,2753311,1133.982,2.047,2211.449,4.369,1.5187499523162842,9.999999747378752e-05,0.2859129,-0.066387855,0.33556053,0.9145939,0.01102239,1.7280626,0.0
0.557,-26.005,-1.4333400000000003,57.83,77,4538,False,2757849,46520,614,3cfd2f0e9d0a4660aae7288d1508ad82,2020-01-03_10-37-40,1578076660,3.438126564025879,2154.8347578048706,8841,Francesco-PC,132.239.10.91,118.5470883846283,153966,34,0.33362579127599673,0.3071242330262805,0.9277706186336492,2718080,2757849,1138.537,2.051,2217.909,4.374,1.5187499523162842,9.999999747378752e-05,0.41559362,-0.05657421,0.4575734,0.95153296,0.009609515,1.6773056,0.0
0.54,-26.005,-1.9570500000000002,56.38,83,4884,False,2762733,46603,615,3cfd2f0e9d0a4660aae7288d1508ad82,2020-01-03_10-37-43,1578076663,3.703575372695923,2158.5383331775665,8841,Francesco-PC,132.239.10.91,122.25066375732422,158850,35,0.33372788861674707,0.3077633994921338,0.9292662053696009,2722944,2762733,1150.945,2.066,2245.581,4.409,1.5187499523162842,9.999999747378752e-05,0.35055783,-0.04769083,0.372067,0.9185875,0.017238943,1.6312766,0.0
0.5530000000000002,-25.003999999999998,-1.9525799999999998,68.42,77,5212,False,2767945,46680,616,3cfd2f0e9d0a4660aae7288d1508ad82,2020-01-03_10-37-48,1578076668,4.2092015743255615,2162.747534751892,8841,Francesco-PC,132.239.10.91,126.45986533164978,164062,36,0.3335155740897473,0.30757010792793765,0.9289400873939145,2728064,2767945,1202.689,2.094,2287.077,4.453,1.5187499523162842,9.999999747378752e-05,0.33668515,-0.058025736,0.3814022,0.9460886,0.008762915,1.7242782,0.0
0.548,-29.9,-2.56868,72.55,62,5157,False,2773102,46742,617,3cfd2f0e9d0a4660aae7288d1508ad82,2020-01-03_10-37-52,1578076672,3.8670215606689453,2166.614556312561,8841,Francesco-PC,132.239.10.91,130.32688689231873,169219,37,0.33398649502427546,0.30737557769448964,0.9297546239024743,2733184,2773102,1211.587,2.104,2318.738,4.417,1.5187499523162842,9.999999747378752e-05,0.27009636,-0.05561925,0.29441255,0.96274585,0.020611066,1.3212692,0.0
0.548,-28.951999999999995,-2.06958,66.2,73,5272,False,2778374,46815,618,3cfd2f0e9d0a4660aae7288d1508ad82,2020-01-03_10-37-56,1578076676,4.1808857917785645,2170.7954421043396,8841,Francesco-PC,132.239.10.91,134.5077726840973,174491,38,0.33355318919651694,0.30738527170989355,0.9289887743411702,2738432,2778374,1242.254,2.153,2363.763,4.455,2.278125047683716,9.999999747378752e-05,0.57959616,-0.04341575,0.60180163,0.94170165,0.009310406,1.6919224,0.0
0.5269999999999999,-33.004000000000005,-2.0444400000000003,66.2,83,4588,False,2782962,46898,619,3cfd2f0e9d0a4660aae7288d1508ad82,2020-01-03_10-37-59,1578076679,3.4494376182556152,2174.244879722595,8841,Francesco-PC,132.239.10.91,137.9572103023529,179079,39,0.3336926525819248,0.30753870904102426,0.9291837833744485,2742912,2782962,1244.025,2.127,2363.763,4.438,2.278125047683716,9.999999747378752e-05,0.56342804,-0.053931452,0.6027848,0.93621856,0.006397691,1.7015554,0.0
0.553,-25.829999999999995,-0.8898600000000001,69.77,60,4358,False,2787320,46958,620,3cfd2f0e9d0a4660aae7288d1508ad82,2020-01-03_10-38-03,1578076683,3.449389934539795,2177.694269657135,8841,Francesco-PC,132.239.10.91,141.4066002368927,183437,40,0.3340040798303276,0.3077296489187971,0.9300623684911652,2747264,2787320,1243.745,2.093,2376.654,4.428,2.278125047683716,9.999999747378752e-05,0.013032525,-0.05344406,0.04123554,0.8410652,0.011079748,1.5360547,0.0
0.546,-30.010999999999996,-1.32847,54.74,89,4374,False,2791694,47047,621,3cfd2f0e9d0a4660aae7288d1508ad82,2020-01-03_10-38-08,1578076688,3.802427053451538,2181.4966967105865,8841,Francesco-PC,132.239.10.91,145.20902729034424,187811,41,0.33481625751518423,0.3083484772024458,0.9397866774381194,2751616,2791694,1290.299,2.163,2378.666,4.535,2.278125047683716,9.999999747378752e-05,0.19949454,-0.0594701,0.24371439,0.9525509,0.0066942065,1.7248359,0.0
0.503,-30.010999999999996,-1.6785899999999998,50.36,86,4427,False,2796121,47133,622,3cfd2f0e9d0a4660aae7288d1508ad82,2020-01-03_10-38-11,1578076691,3.322747230529785,2184.8194439411163,8841,Francesco-PC,132.239.10.91,148.53177452087402,192238,42,0.3346371541066745,0.3086701395389017,0.941504539718672,2755968,2796121,1284.767,2.137,2378.137,4.522,2.278125047683716,9.999999747378752e-05,0.073675886,-0.06288628,0.117853515,0.96828705,0.008212299,1.728062,0.0
0.5800000000000002,-24.013,-1.63536,50.92,84,4144,False,2800265,47217,623,3cfd2f0e9d0a4660aae7288d1508ad82,2020-01-03_10-38-14,1578076694,3.1536571979522705,2187.9731011390686,8841,Francesco-PC,132.239.10.91,151.6854317188263,196382,43,0.3353105097868688,0.308981097833112,0.941730297334654,2760064,2800265,1277.47,2.142,2362.382,4.496,2.278125047683716,9.999999747378752e-05,0.29876107,-0.051617004,0.3350799,0.94300526,0.0067152344,1.796347,0.0
0.525,-19.894000000000002,-1.8199900000000004,50.45,89,4219,False,2804484,47306,624,3cfd2f0e9d0a4660aae7288d1508ad82,2020-01-03_10-38-17,1578076697,3.1659042835235596,2191.139005422592,8841,Francesco-PC,132.239.10.91,154.85133600234985,200601,44,0.335685028536708,0.30904601445551266,0.9416488541113393,2764160,2804484,1269.994,2.109,2342.718,4.505,2.278125047683716,9.999999747378752e-05,0.2375004,-0.064999476,0.2818939,0.94983184,0.009045133,1.6709813,0.0
0.536,-23.994999999999997,-1.6981500000000005,52.22,80,4355,False,2808839,47386,625,3cfd2f0e9d0a4660aae7288d1508ad82,2020-01-03_10-38-21,1578076701,3.315781593322754,2194.454787015915,8841,Francesco-PC,132.239.10.91,158.1671175956726,204956,45,0.3352246105850034,0.30878818227983457,0.9408429433410216,2768512,2808839,1258.612,2.099,2315.388,4.509,2.278125047683716,9.999999747378752e-05,0.17579038,-0.05714074,0.2168707,0.9593165,0.007049826,1.7879965,0.0
0.518,-24.942999999999998,-1.019,48.34,88,4267,False,2813106,47474,626,3cfd2f0e9d0a4660aae7288d1508ad82,2020-01-03_10-38-24,1578076704,3.257608413696289,2197.712395429611,8841,Francesco-PC,132.239.10.91,161.4247260093689,209223,46,0.3350153467953074,0.308713789691099,0.9401771315482574,2772736,2813106,1206.508,2.111,2272.324,4.49,2.278125047683716,9.999999747378752e-05,0.24189104,-0.06335317,0.28772286,0.9436586,0.007691126,1.8081306,0.0
0.5239999999999999,-24.942999999999998,-1.5322400000000005,48.88,87,4370,False,2817476,47561,627,3cfd2f0e9d0a4660aae7288d1508ad82,2020-01-03_10-38-27,1578076707,3.4260923862457275,2201.138487815857,8841,Francesco-PC,132.239.10.91,164.85081839561462,213593,47,0.3354569282378537,0.3090019462978047,0.9403387631094495,2777088,2817476,1200.108,2.092,2234.654,4.509,2.278125047683716,9.999999747378752e-05,0.048341997,-0.058995463,0.090824544,0.97785723,0.007248462,1.7418642,0.0
0.5169999999999999,-29.923000000000002,-1.0393600000000003,52.38,85,4215,False,2821691,47646,628,3cfd2f0e9d0a4660aae7288d1508ad82,2020-01-03_10-38-30,1578076710,3.1520588397979736,2204.290546655655,8841,Francesco-PC,132.239.10.91,168.0028772354126,217808,48,0.33580690257932305,0.30903611569483735,0.9399783174447335,2781184,2821691,1156.352,2.021,2175.574,4.487,2.278125047683716,9.999999747378752e-05,0.18792726,-0.05346095,0.22634517,0.95330393,0.0066032535,1.7951175,0.0
0.533,-22.005,-2.1855700000000002,50.53,86,4273,False,2825964,47732,629,3cfd2f0e9d0a4660aae7288d1508ad82,2020-01-03_10-38-34,1578076714,3.2687747478485107,2207.5593214035034,8841,Francesco-PC,132.239.10.91,171.2716519832611,222081,49,0.33646696705530443,0.3091607139862313,0.940481329094539,2785408,2825964,1151.655,2.03,2162.2,4.544,2.278125047683716,9.999999747378752e-05,0.2541046,-0.061771393,0.29853657,0.96171606,0.007611273,1.7732021,0.0
0.533,-19.009,-0.7885800000000001,55.74,80,4483,False,2830447,47812,630,3cfd2f0e9d0a4660aae7288d1508ad82,2020-01-03_10-38-37,1578076717,3.418710470199585,2210.978031873703,8841,Francesco-PC,132.239.10.91,174.6903624534607,226564,50,0.33593762071332006,0.30884970361715236,0.9394260455565987,2789888,2830447,1154.107,2.061,2156.842,4.574,2.278125047683716,9.999999747378752e-05,0.08487908,-0.054069325,0.12243865,0.9033925,0.00724708,1.7497368,0.0
0.507,-26.951999999999998,-1.6031,49.52,88,4344,False,2834791,47900,631,3cfd2f0e9d0a4660aae7288d1508ad82,2020-01-03_10-38-41,1578076721,3.256312608718872,2214.234344482422,8841,Francesco-PC,132.239.10.91,177.94667506217957,230908,51,0.33585094587593495,0.3089091162356802,0.9388314155258765,2794112,2834791,1108.263,2.006,2147.955,4.732,2.278125047683716,9.999999747378752e-05,0.3173926,-0.058883246,0.36151004,0.9550441,0.006481549,1.8312032,0.0
0.543,-19.893,-1.8927899999999998,59.13,84,5221,False,2840012,47984,632,3cfd2f0e9d0a4660aae7288d1508ad82,2020-01-03_10-38-46,1578076726,4.56856369972229,2218.802908182144,8841,Francesco-PC,132.239.10.91,182.51523876190186,236129,52,0.3356276412655073,0.3087185897115045,0.9379006507895135,2799232,2840012,1170.957,2.064,2209.839,4.747,2.278125047683716,9.999999747378752e-05,0.15470636,-0.05774189,0.1943381,0.95881385,0.007949581,1.6820694,0.0
0.544,-19.009999999999998,-1.77418,79.11,73,5555,False,2845567,48057,633,3cfd2f0e9d0a4660aae7288d1508ad82,2020-01-03_10-38-51,1578076731,5.118582487106323,2223.9214906692505,8841,Francesco-PC,132.239.10.91,187.63382124900818,241684,53,0.33678372447850335,0.30925859030270836,0.9408494209938777,2804736,2845567,1259.312,2.111,2317.824,4.778,2.278125047683716,9.999999747378752e-05,0.11515059,-0.046612047,0.12909314,0.9574645,0.014340534,1.5531652,0.0
0.5230000000000001,-25.95,-2.12628,67.59,69,4465,False,2850032,48126,634,3cfd2f0e9d0a4660aae7288d1508ad82,2020-01-03_10-38-54,1578076734,3.313159465789795,2227.2346501350403,8841,Francesco-PC,132.239.10.91,190.94698071479797,246149,54,0.33659078610097,0.30927360679837973,0.9415940270689904,2809088,2850032,1261.666,2.129,2330.197,4.738,2.278125047683716,9.999999747378752e-05,0.34912637,-0.057820752,0.39049837,0.9442862,0.007220313,1.6395978,0.0
0.5840000000000001,-16.008,-0.95186,56.99,78,4555,False,2854587,48204,635,3cfd2f0e9d0a4660aae7288d1508ad82,2020-01-03_10-38-58,1578076738,3.4344420433044434,2230.6690921783447,8841,Francesco-PC,132.239.10.91,194.38142275810242,250704,55,0.33615537486452124,0.30891610181689333,0.9398964133777453,2813568,2854587,1264.742,2.13,2338.882,4.756,2.278125047683716,9.999999747378752e-05,0.036714345,-0.047923237,0.07239073,0.9331482,0.0053758463,1.7034627,0.0
0.52,-23.992,-0.87033,60.73,75,4728,False,2859315,48279,636,3cfd2f0e9d0a4660aae7288d1508ad82,2020-01-03_10-39-02,1578076742,3.6825199127197266,2234.3516120910645,8841,Francesco-PC,132.239.10.91,198.06394267082214,255432,56,0.33577968825200954,0.3085022074483998,0.9384808019857287,2818176,2859315,1288.764,2.102,2357.346,4.728,2.278125047683716,9.999999747378752e-05,0.13098316,-0.052674323,0.15598883,0.9453234,0.012145366,1.6858227,0.0
0.554,-21.820999999999998,-1.3878000000000004,53.7,84,4235,False,2863550,48363,637,3cfd2f0e9d0a4660aae7288d1508ad82,2020-01-03_10-39-05,1578076745,3.2315118312835693,2237.583123922348,8841,Francesco-PC,132.239.10.91,201.2954545021057,259667,57,0.3357257891061498,0.3087118109745106,0.9385790055442004,2822400,2863550,1276.924,2.071,2349.717,4.723,2.278125047683716,9.999999747378752e-05,0.116350666,-0.0572755,0.15906815,0.96219325,0.0063903467,1.8423334,0.0
0.5930000000000001,-25.912,-1.0549600000000001,55.6,78,4233,False,2867783,48441,638,3cfd2f0e9d0a4660aae7288d1508ad82,2020-01-03_10-39-08,1578076748,3.2699084281921387,2240.85303235054,8841,Francesco-PC,132.239.10.91,204.56536293029785,263900,58,0.33628225500415454,0.3085354450501629,0.93798445249001,2826624,2867783,1280.715,2.092,2357.72,4.756,2.278125047683716,9.999999747378752e-05,0.18607086,-0.04984783,0.22284508,0.97048163,0.00573877,1.7290013,0.0
0.5930000000000001,-26.013,-2.1602299999999994,52.9,84,4287,False,2872070,48525,639,3cfd2f0e9d0a4660aae7288d1508ad82,2020-01-03_10-39-11,1578076751,3.2404251098632812,2244.0934574604034,8841,Francesco-PC,132.239.10.91,207.80578804016113,268187,59,0.3354784194582788,0.308511421894307,0.9371898088711323,2830848,2872070,1278.393,2.07,2357.206,4.686,2.278125047683716,9.999999747378752e-05,0.35758832,-0.05176165,0.39428964,0.94368446,0.006610848,1.8141873,0.0
0.562,-26.916999999999998,-2.829690000000001,51.52,87,4606,False,2876676,48612,640,3cfd2f0e9d0a4660aae7288d1508ad82,2020-01-03_10-39-15,1578076755,3.506730079650879,2247.6001875400543,8841,Francesco-PC,132.239.10.91,211.312518119812,272793,60,0.33597648541209013,0.309051697042231,0.938616715815427,2835328,2876676,1285.265,2.088,2359.081,4.685,2.278125047683716,9.999999747378752e-05,0.8146605,-0.056041185,0.8526748,0.9331935,0.007913049,1.7924147,0.0
0.535,-30.963000000000005,-1.4448,55.97,79,4408,False,2881084,48691,641,3cfd2f0e9d0a4660aae7288d1508ad82,2020-01-03_10-39-19,1578076759,3.346069574356079,2250.9462571144104,8841,Francesco-PC,132.239.10.91,214.6585876941681,277201,61,0.33570065283524103,0.30834239610643627,0.9365844012417334,2839680,2881084,1286.274,2.089,2366.812,4.972,2.278125047683716,9.999999747378752e-05,0.2197305,-0.05603725,0.25972193,0.954606,0.007043434,1.7799616,0.0
0.48999999999999994,-26.020000000000003,-1.54977,50.5,84,4343,False,2885427,48775,642,3cfd2f0e9d0a4660aae7288d1508ad82,2020-01-03_10-39-22,1578076762,3.253073215484619,2254.199330329895,8841,Francesco-PC,132.239.10.91,217.9116609096527,281544,62,0.33536366819674307,0.30844178954368984,0.9362407200624548,2843904,2885427,1223.364,2.031,2298.294,4.951,2.278125047683716,9.999999747378752e-05,0.31161368,-0.056959413,0.35257882,0.9265913,0.007020817,1.7324963,0.0
0.5309999999999999,-29.032,-2.04423,53.13,81,4315,False,2889742,48856,643,3cfd2f0e9d0a4660aae7288d1508ad82,2020-01-03_10-39-26,1578076766,3.243553876876831,2257.442884206772,8841,Francesco-PC,132.239.10.91,221.15521478652954,285859,63,0.3364404811956818,0.3089516726690316,0.9377009256185213,2848128,2889742,1137.286,1.991,2196.978,4.941,2.278125047683716,9.999999747378752e-05,0.24065082,-0.06033247,0.28281376,0.97320545,0.007975662,1.7433964,0.0
0.49000000000000005,-29.032,-1.9730899999999998,54.3,82,4352,False,2894094,48938,644,3cfd2f0e9d0a4660aae7288d1508ad82,2020-01-03_10-39-29,1578076769,3.356523275375366,2260.799407482147,8841,Francesco-PC,132.239.10.91,224.5117380619049,290211,64,0.33663196378383053,0.3088956055433505,0.9373388978889039,2852480,2894094,1140.147,1.976,2198.395,5.005,2.278125047683716,9.999999747378752e-05,0.5685199,-0.04990498,0.60392684,0.91287565,0.006364038,1.8130541,0.0
0.504,-23.008,-1.68457,59.16,77,4396,False,2898490,49015,645,3cfd2f0e9d0a4660aae7288d1508ad82,2020-01-03_10-39-32,1578076772,3.3376336097717285,2264.137041091919,8841,Francesco-PC,132.239.10.91,227.84937167167664,294607,65,0.3373313145012229,0.30937235883335257,0.9390604945362295,2856832,2898490,1138.181,1.981,2190.599,5.17,2.278125047683716,9.999999747378752e-05,0.513712,-0.05715068,0.5540637,0.9475929,0.0073740147,1.7098511,0.0
0.49000000000000005,-36.0,-1.5057800000000003,59.72,81,4636,False,2903126,49096,646,3cfd2f0e9d0a4660aae7288d1508ad82,2020-01-03_10-39-36,1578076776,3.5472121238708496,2267.68425321579,8841,Francesco-PC,132.239.10.91,231.39658379554749,299243,66,0.3361030489474941,0.30855743256406404,0.9362461427280587,2861440,2903126,1126.447,1.983,2188.845,5.184,2.278125047683716,9.999999747378752e-05,0.59386736,-0.049072154,0.6284091,0.94338447,0.006378228,1.7186741,0.0
0.49100000000000016,-27.023,-2.3017699999999994,51.06,87,4441,False,2907567,49183,647,3cfd2f0e9d0a4660aae7288d1508ad82,2020-01-03_10-39-39,1578076779,3.33935546875,2271.02360868454,8841,Francesco-PC,132.239.10.91,234.73593926429749,303684,67,0.33599782647077403,0.30869639941589694,0.9364212596993423,2865792,2907567,1129.175,2.006,2196.69,5.271,2.278125047683716,9.999999747378752e-05,0.50517666,-0.05511103,0.5411255,0.95263153,0.008411413,1.8133731,0.0
0.5430000000000001,-33.001,-2.9737700000000005,49.16,89,4470,False,2912037,49272,648,3cfd2f0e9d0a4660aae7288d1508ad82,2020-01-03_10-39-43,1578076783,3.3681647777557373,2274.3917734622955,8841,Francesco-PC,132.239.10.91,238.10410404205322,308154,68,0.33654695204327373,0.3090659898507019,0.9373084121543713,2870144,2912037,1132.878,1.997,2202.829,5.276,2.278125047683716,9.999999747378752e-05,0.603442,-0.062708385,0.6489415,0.94719404,0.007553961,1.8259227,0.0
0.479,-22.941,-1.9247500000000002,53.79,81,4491,False,2916528,49353,649,3cfd2f0e9d0a4660aae7288d1508ad82,2020-01-03_10-39-46,1578076786,3.406273126602173,2277.7980465888977,8841,Francesco-PC,132.239.10.91,241.5103771686554,312645,69,0.33648645985298137,0.30883651748415303,0.9364657290654463,2874624,2916528,1137.068,2.018,2215.203,5.335,2.278125047683716,9.999999747378752e-05,0.31447482,-0.05643934,0.3528051,0.94344646,0.007949087,1.6954039,0.0
0.5610000000000002,-29.012999999999998,-2.3998800000000005,67.17,80,5350,False,2921878,49433,650,3cfd2f0e9d0a4660aae7288d1508ad82,2020-01-03_10-39-51,1578076791,4.422141075134277,2282.220187664032,8841,Francesco-PC,132.239.10.91,245.93251824378967,317995,70,0.33634785252478516,0.3088840874337079,0.9363911275253909,2879872,2921878,1193.534,2.01,2250.244,5.339,2.278125047683716,9.999999747378752e-05,0.5179002,-0.05214715,0.5477521,0.9360278,0.009786658,1.6609972,0.0
0.549,-29.012999999999998,-0.97476,67.92,75,5147,False,2927025,49508,651,3cfd2f0e9d0a4660aae7288d1508ad82,2020-01-03_10-39-56,1578076796,3.936682939529419,2286.1568706035614,8841,Francesco-PC,132.239.10.91,249.8692011833191,323142,71,0.3370372279645359,0.30941161203586737,0.9380779164608062,2884992,2927025,1214.859,2.037,2287.869,5.422,2.278125047683716,9.999999747378752e-05,0.12649234,-0.050124742,0.15462314,0.8877846,0.009654403,1.55832,0.0
0.5049999999999999,-30.004999999999995,-2.2676499999999997,55.33,77,4268,False,2931293,49585,652,3cfd2f0e9d0a4660aae7288d1508ad82,2020-01-03_10-39-59,1578076799,3.23637056350708,2289.3932411670685,8841,Francesco-PC,132.239.10.91,253.10557174682617,327410,72,0.33601122093930696,0.3086213281882288,0.9354071364672119,2889216,2931293,1212.899,2.035,2288.163,5.414,2.278125047683716,9.999999747378752e-05,0.8037222,-0.051394034,0.83964634,0.93306184,0.006790589,1.7446122,0.0
0.5449999999999999,-30.004999999999995,-2.15028,66.47,73,5407,False,2936700,49658,653,3cfd2f0e9d0a4660aae7288d1508ad82,2020-01-03_10-40-04,1578076804,4.69992470741272,2294.093165874481,8841,Francesco-PC,132.239.10.91,257.8054964542389,332817,73,0.33502493781218995,0.3077292812689339,0.9333383291365442,2894592,2936700,1299.453,2.13,2347.104,5.413,2.278125047683716,9.999999747378752e-05,0.1831184,-0.047741693,0.18464573,0.8751456,0.02028614,1.4142946,0.0
0.5419999999999999,-28.011999999999997,-1.4855599999999998,68.83,76,4342,False,2941042,49734,654,3cfd2f0e9d0a4660aae7288d1508ad82,2020-01-03_10-40-07,1578076807,3.260254383087158,2297.3534202575684,8841,Francesco-PC,132.239.10.91,261.06575083732605,337159,74,0.3358666419321079,0.3081586843569298,0.9343229147957827,2898816,2941042,1298.01,2.137,2338.912,5.406,3.417187452316284,9.999999747378752e-05,0.4082622,-0.04947891,0.4428471,0.948636,0.004358554,1.8320923,0.0
0.542,-28.020999999999997,-2.2047399999999997,56.01,82,4243,False,2945285,49816,655,3cfd2f0e9d0a4660aae7288d1508ad82,2020-01-03_10-40-10,1578076810,3.2328813076019287,2300.5863015651703,8841,Francesco-PC,132.239.10.91,264.298632144928,341402,75,0.3368415140815022,0.3087212013364483,0.9360312884440392,2903040,2945285,1295.398,2.131,2331.203,5.229,1.708593726158142,9.999999747378752e-05,0.6039326,-0.056141205,0.6464584,0.9361584,0.0079688225,1.7658298,0.0
0.5760000000000001,-31.960999999999995,-1.07658,59.89,82,4717,False,2950002,49898,656,3cfd2f0e9d0a4660aae7288d1508ad82,2020-01-03_10-40-14,1578076814,3.63002347946167,2304.216325044632,8841,Francesco-PC,132.239.10.91,267.92865562438965,346119,76,0.33608942017378746,0.3084578847158182,0.9350511478904192,2907648,2950002,1302.895,2.169,2331.911,5.261,1.708593726158142,9.999999747378752e-05,0.13419646,-0.062417652,0.17923406,0.95336205,0.010172155,1.7238482,0.0
0.5439999999999999,-24.801,-1.5425900000000003,51.11,87,4475,False,2954477,49985,657,3cfd2f0e9d0a4660aae7288d1508ad82,2020-01-03_10-40-17,1578076817,3.3841896057128906,2307.600514650345,8841,Francesco-PC,132.239.10.91,271.31284523010254,350594,77,0.33532588703049676,0.30827505496607627,0.9337881759136154,2912000,2954477,1304.023,2.193,2335.363,5.168,1.708593726158142,9.999999747378752e-05,0.2685348,-0.06625275,0.31887197,0.9495478,0.009315012,1.8014315,0.0
0.5470000000000002,-38.001999999999995,-1.6908100000000001,50.28,86,4291,False,2958768,50071,658,3cfd2f0e9d0a4660aae7288d1508ad82,2020-01-03_10-40-20,1578076820,3.2894680500030518,2310.889982700348,8841,Francesco-PC,132.239.10.91,274.6023132801056,354885,78,0.33471869949764593,0.3077010147414469,0.93293324991855,2916224,2958768,1304.286,2.184,2327.227,5.171,1.708593726158142,9.999999747378752e-05,0.8858484,-0.059179135,0.93173206,0.9512287,0.0077815317,1.8171988,0.0
0.516,-32.925,-1.52368,49.92,87,4445,False,2963213,50158,659,3cfd2f0e9d0a4660aae7288d1508ad82,2020-01-03_10-40-24,1578076824,3.3433151245117188,2314.2332978248596,8841,Francesco-PC,132.239.10.91,277.9456284046173,359330,79,0.33522548590294177,0.30810383348911485,0.9338339614464686,2920576,2963213,1303.67,2.189,2321.619,5.132,1.708593726158142,9.999999747378752e-05,0.37298802,-0.05785843,0.41644013,0.8465122,0.008431665,1.7904742,0.0
0.551,-25.932999999999993,-2.30555,49.69,88,4307,False,2967520,50246,660,3cfd2f0e9d0a4660aae7288d1508ad82,2020-01-03_10-40-27,1578076827,3.2455966472625732,2317.478894472122,8841,Francesco-PC,132.239.10.91,281.1912250518799,363637,80,0.3359733876259435,0.3085584902109526,0.9352308557983443,2924800,2967520,1236.742,2.117,2271.074,5.132,1.708593726158142,9.999999747378752e-05,0.71442413,-0.0661342,0.7624085,0.9355003,0.010622693,1.8121876,0.0
0.555,-24.011,-1.1394100000000003,53.7,82,4297,False,2971817,50328,661,3cfd2f0e9d0a4660aae7288d1508ad82,2020-01-03_10-40-31,1578076831,3.266979217529297,2320.7458736896515,8841,Francesco-PC,132.239.10.91,284.4582042694092,367934,81,0.3359914039469389,0.30840519149812473,0.9346688738024908,2929024,2971817,1215.189,2.102,2225.881,4.877,1.708593726158142,9.999999747378752e-05,0.18929845,-0.066468656,0.24071783,0.9076081,0.008807991,1.7773176,0.0
0.555,-22.024000000000004,-1.1846400000000001,51.57,81,4177,False,2975994,50409,662,3cfd2f0e9d0a4660aae7288d1508ad82,2020-01-03_10-40-34,1578076834,3.154139995574951,2323.9000136852264,8841,Francesco-PC,132.239.10.91,287.61234426498413,372111,82,0.33609558318020333,0.3086708872277255,0.9350960646690433,2933120,2975994,1213.249,2.114,2219.511,4.938,1.708593726158142,9.999999747378752e-05,0.20720129,-0.059629727,0.25237218,0.8628496,0.008462414,1.7968457,0.0
0.529,-25.920999999999996,-1.43583,48.68,88,4298,False,2980292,50497,663,3cfd2f0e9d0a4660aae7288d1508ad82,2020-01-03_10-40-38,1578076838,3.2213141918182373,2327.1213278770447,8841,Francesco-PC,132.239.10.91,290.83365845680237,376409,83,0.33510645010027745,0.30811150280134586,0.9332133881719181,2937344,2980292,1125.549,2.031,2159.372,4.968,1.708593726158142,9.999999747378752e-05,0.29965737,-0.061890393,0.3437924,0.9545851,0.010391805,1.821381,0.0
0.517,-25.920999999999996,-1.2011200000000002,50.3,84,4336,False,2984628,50581,664,3cfd2f0e9d0a4660aae7288d1508ad82,2020-01-03_10-40-41,1578076841,3.4441542625427246,2330.5654821395874,8841,Francesco-PC,132.239.10.91,294.2778127193451,380745,84,0.33568587372460906,0.30833120089277677,0.9352548843810898,2941568,2984628,1144.882,2.025,2158.313,5.057,1.708593726158142,9.999999747378752e-05,0.02270273,-0.062398124,0.06962972,0.908214,0.009054892,1.7232728,0.0
0.535,-23.971000000000007,-1.8068199999999992,52.43,86,4562,False,2989190,50667,665,3cfd2f0e9d0a4660aae7288d1508ad82,2020-01-03_10-40-45,1578076845,3.397146224975586,2333.962628364563,8841,Francesco-PC,132.239.10.91,297.6749589443207,385307,85,0.3369580794884567,0.3089379866627222,0.9378987270647265,2946048,2989190,1148.894,2.052,2170.639,5.094,1.708593726158142,9.999999747378752e-05,0.23199667,-0.049380653,0.26244813,0.95503193,0.011078806,1.6731057,0.0
0.525,-19.88,-0.9437400000000001,60.57,74,4383,False,2993573,50741,666,3cfd2f0e9d0a4660aae7288d1508ad82,2020-01-03_10-40-48,1578076848,3.3303239345550537,2337.292952299118,8841,Francesco-PC,132.239.10.91,301.00528287887573,389690,86,0.336869227971754,0.3086668673712464,0.9369108953546038,2950400,2993573,1133.279,2.015,2156.284,5.092,1.708593726158142,9.999999747378752e-05,0.113778174,-0.070183225,0.16869187,0.9241994,0.0089369,1.7262878,0.0
0.5380000000000001,-23.006,-1.13758,59.0,85,5109,False,2998682,50826,667,3cfd2f0e9d0a4660aae7288d1508ad82,2020-01-03_10-40-52,1578076852,4.054577350616455,2341.3475296497345,8841,Francesco-PC,132.239.10.91,305.0598602294922,394799,87,0.336718337105156,0.3089759270526487,0.9371405806641963,2955392,2998682,1174.734,2.018,2181.823,5.177,1.708593726158142,9.999999747378752e-05,0.05684059,-0.06311306,0.10418457,0.9119472,0.009229287,1.7113508,0.0
0.5380000000000001,-24.005,-1.5472700000000004,64.98,70,5006,False,3003688,50896,668,3cfd2f0e9d0a4660aae7288d1508ad82,2020-01-03_10-40-56,1578076856,3.932904005050659,2345.280433654785,8841,Francesco-PC,132.239.10.91,308.99276423454285,399805,88,0.33682670070091947,0.30877176476898605,0.9367674244281567,2960384,3003688,1200.314,2.033,2220.53,5.16,1.708593726158142,9.999999747378752e-05,0.13794295,-0.04154122,0.14196883,0.97667813,0.02195687,1.4605614,0.0
0.501,-30.933,-1.2603600000000001,56.65,74,4311,False,3007999,50970,669,3cfd2f0e9d0a4660aae7288d1508ad82,2020-01-03_10-40-59,1578076859,3.2320921421051025,2348.5125257968903,8841,Francesco-PC,132.239.10.91,312.22485637664795,404116,89,0.3362429641748244,0.30842209185010094,0.9351444108242116,2964608,3007999,1197.288,2.02,2212.414,5.18,2.5628905296325684,9.999999747378752e-05,0.13670062,-0.05009924,0.17390966,0.9595114,0.005029556,1.70704,0.0
0.48900000000000005,-34.0,-2.44939,50.3,87,4391,False,3012390,51057,670,3cfd2f0e9d0a4660aae7288d1508ad82,2020-01-03_10-41-02,1578076862,3.2966041564941406,2351.8091299533844,8841,Francesco-PC,132.239.10.91,315.5214605331421,408507,90,0.3363713097519209,0.3085935395184341,0.9356825347463126,2968960,3012390,1198.279,2.04,2216.525,5.173,2.5628905296325684,9.999999747378752e-05,1.5911565,-0.050484236,1.6194043,0.8924448,0.008676234,1.787268,0.0
0.5309999999999999,-39.0,-2.45791,56.63,81,4696,False,3017086,51138,671,3cfd2f0e9d0a4660aae7288d1508ad82,2020-01-03_10-41-07,1578076867,3.5655131340026855,2355.374643087387,8841,Francesco-PC,132.239.10.91,319.0869736671448,413203,91,0.3364816710596304,0.30865190738104026,0.9358869325520817,2973568,3017086,1210.219,2.074,2234.237,5.355,2.5628905296325684,9.999999747378752e-05,1.5616221,-0.024207264,1.1046745,0.9143155,0.18773916,1.6801192,0.0
0.5670000000000002,-28.941,-1.7294399999999999,59.88,78,4292,False,3021378,51216,672,3cfd2f0e9d0a4660aae7288d1508ad82,2020-01-03_10-41-10,1578076870,3.2189157009124756,2358.5935587882996,8841,Francesco-PC,132.239.10.91,322.30588936805725,417495,92,0.3362544598638435,0.30868570375516563,0.9355690924958836,2977792,3021378,1212.241,2.087,2238.707,5.302,3.8443360328674316,9.999999747378752e-05,0.5558733,-0.033627808,0.581908,0.93218505,0.0019751675,1.8312033,0.0
0.49000000000000005,-23.775000000000006,-1.6807500000000002,50.04,88,4298,False,3025676,51304,673,3cfd2f0e9d0a4660aae7288d1508ad82,2020-01-03_10-41-14,1578076874,3.2587552070617676,2361.8523139953613,8841,Francesco-PC,132.239.10.91,325.564644575119,421793,93,0.33679642809558374,0.30895048333053654,0.9363833822313253,2982016,3025676,1215.091,2.083,2239.705,5.254,1.9221680164337158,9.999999747378752e-05,0.30490685,-0.047860846,0.34373814,0.9555493,0.0046975957,1.8360292,0.0
0.5790000000000001,-30.961000000000002,-1.2765600000000001,51.47,83,4329,False,3030005,51387,674,3cfd2f0e9d0a4660aae7288d1508ad82,2020-01-03_10-41-17,1578076877,3.2444865703582764,2365.0968005657196,8841,Francesco-PC,132.239.10.91,328.8091311454773,426122,94,0.3358914365324894,0.3081708381726065,0.9337365412721838,2986240,3030005,1194.231,2.095,2240.775,5.135,0.9610840082168579,9.999999747378752e-05,0.39737046,-0.05062841,0.44072518,0.9197128,0.0075682434,1.8212596,0.0
0.538,-34.94299999999999,-2.789769999999999,47.93,90,4360,False,3034365,51477,675,3cfd2f0e9d0a4660aae7288d1508ad82,2020-01-03_10-41-20,1578076880,3.3341867923736572,2368.4309873580933,8841,Francesco-PC,132.239.10.91,332.14331793785095,430482,95,0.33615550962525725,0.3085642525073724,0.9346334443838161,2990592,3034365,1192.286,2.065,2236.515,5.096,0.9610840082168579,9.999999747378752e-05,0.75645584,-0.062135957,0.80736226,0.9424332,0.01168423,1.9180765,0.0
0.504,-31.823,-2.5019599999999995,55.0,82,4559,False,3038924,51559,676,3cfd2f0e9d0a4660aae7288d1508ad82,2020-01-03_10-41-24,1578076884,3.4489262104034424,2371.8799135684967,8841,Francesco-PC,132.239.10.91,335.5922441482544,435041,96,0.3363356582491356,0.30831781520608426,0.9343257656656118,2995072,3038924,1197.008,2.064,2243.709,5.086,0.9610840082168579,9.999999747378752e-05,0.41446415,-0.0582261,0.4629114,0.943191,0.0101748295,1.7904996,0.0
0.47100000000000003,-23.843,-1.5567000000000002,53.73,81,4294,False,3043218,51640,677,3cfd2f0e9d0a4660aae7288d1508ad82,2020-01-03_10-41-27,1578076887,3.230595588684082,2375.110509157181,8841,Francesco-PC,132.239.10.91,338.8228397369385,439335,97,0.33667416368117203,0.3087604755185873,0.9349385320339876,2999296,3043218,1152.183,2.036,2206.315,4.965,0.9610840082168579,9.999999747378752e-05,0.107009314,-0.058326576,0.15578541,0.96997553,0.009937173,1.8333362,0.0
0.544,-40.0,-2.2188,48.92,92,4474,False,3047692,51732,678,3cfd2f0e9d0a4660aae7288d1508ad82,2020-01-03_10-41-30,1578076890,3.316453218460083,2378.426962375641,8841,Francesco-PC,132.239.10.91,342.13929295539856,443809,98,0.33702101325553313,0.30895780102010884,0.935422697236682,3003648,3047692,1123.809,2.054,2173.123,4.916,0.9610840082168579,9.999999747378752e-05,1.9497348,-0.058052227,1.997818,0.88262635,0.010372897,1.8507916,0.0
0.49900000000000005,-36.03199999999999,-2.846789999999999,51.61,79,4176,False,3051868,51811,679,3cfd2f0e9d0a4660aae7288d1508ad82,2020-01-03_10-41-33,1578076893,3.137166738510132,2381.564129114151,8841,Francesco-PC,132.239.10.91,345.2764596939087,447985,99,0.33623611792896,0.3082684382226201,0.9331803667944993,3007744,3051868,1120.84,2.044,2166.613,4.898,0.9610840082168579,9.999999747378752e-05,0.86288655,-0.06275422,0.915391,0.9412287,0.010664733,1.8240479,0.0
0.47700000000000004,-36.980000000000004,-3.01744,49.84,83,4204,False,3056072,51894,680,3cfd2f0e9d0a4660aae7288d1508ad82,2020-01-03_10-41-37,1578076897,3.4747939109802246,2385.038923025131,8841,Francesco-PC,132.239.10.91,348.7512536048889,452189,100,0.3368181788467902,0.30867169506404424,0.9341169658542501,3011840,3056072,1117.98,2.037,2187.246,4.906,0.9610840082168579,9.999999747378752e-05,1.1668187,-0.06225509,1.2170074,0.9154562,0.012555048,1.8586826,0.0
0.5289999999999999,-21.995,-2.1620500000000002,57.63,80,4668,False,3060740,51974,681,3cfd2f0e9d0a4660aae7288d1508ad82,2020-01-03_10-41-41,1578076901,3.558307409286499,2388.5972304344177,8841,Francesco-PC,132.239.10.91,352.3095610141754,456857,101,0.33759346828531533,0.3091072391311749,0.9357910298178354,3016448,3060740,1115.461,1.999,2188.051,5.967,0.9610840082168579,9.999999747378752e-05,0.29289404,-0.0690732,0.34977707,0.9503945,0.012683832,1.7712796,0.0
0.513,-36.014,-1.3802200000000002,59.21,76,4324,False,3065064,52050,682,3cfd2f0e9d0a4660aae7288d1508ad82,2020-01-03_10-41-45,1578076905,3.2673468589782715,2391.864577293396,8841,Francesco-PC,132.239.10.91,355.5769078731537,461181,102,0.33728575665124594,0.3090640817846913,0.9352993619842419,3020672,3065064,1117.72,1.976,2190.672,5.992,0.9610840082168579,9.999999747378752e-05,0.6261685,-0.056275062,0.6721314,0.94163305,0.010729776,1.7917714,0.0
0.537,-27.009999999999998,-1.68485,53.07,84,4390,False,3069454,52134,683,3cfd2f0e9d0a4660aae7288d1508ad82,2020-01-03_10-41-48,1578076908,3.3027937412261963,2395.167371034622,8841,Francesco-PC,132.239.10.91,358.8797016143799,465571,103,0.3367133171609062,0.30877376701627723,0.9340807597792061,3025024,3069454,1116.218,1.989,2196.548,5.982,0.9610840082168579,9.999999747378752e-05,0.3116959,-0.06701285,0.3666651,0.9663731,0.01253134,1.8687382,0.0
0.535,-25.973000000000003,-1.44135,61.36,82,5160,False,3074614,52216,684,3cfd2f0e9d0a4660aae7288d1508ad82,2020-01-03_10-41-52,1578076912,4.428720712661743,2399.596091747284,8841,Francesco-PC,132.239.10.91,363.3084223270416,470731,104,0.33622381834008336,0.3082666494723327,0.9326276261890122,3030144,3074614,1190.807,2.054,2240.237,6.029,0.9610840082168579,9.999999747378752e-05,0.32095462,-0.06618853,0.37472042,0.9234394,0.012925744,1.7579472,0.0
0.535,-28.002,-1.8801599999999998,81.16,55,6106,False,3080720,52271,685,3cfd2f0e9d0a4660aae7288d1508ad82,2020-01-03_10-41-57,1578076917,4.998616456985474,2404.5947082042694,8841,Francesco-PC,132.239.10.91,368.3070387840271,476837,105,0.33713728472791216,0.30872494087472896,0.9345634453918572,3036160,3080720,1277.574,2.096,2319.79,6.015,0.9610840082168579,9.999999747378752e-05,0.4222955,-0.04780471,0.45710632,0.86628693,0.013520097,1.5196704,0.0
0.504,-28.002,-1.0323400000000003,93.41,66,4286,False,3085006,52337,686,3cfd2f0e9d0a4660aae7288d1508ad82,2020-01-03_10-42-01,1578076921,3.215381383895874,2407.8100895881653,8841,Francesco-PC,132.239.10.91,371.522420167923,481123,106,0.33655200148608716,0.30873982242292797,0.9336282986998381,3040384,3085006,1267.264,2.097,2306.829,5.989,0.9610840082168579,9.999999747378752e-05,0.012254343,-0.067793764,0.06697068,0.86570007,0.013606967,1.6301786,0.0
0.5700000000000001,-26.755000000000003,-1.8440300000000003,55.34,82,4561,False,3089567,52419,687,3cfd2f0e9d0a4660aae7288d1508ad82,2020-01-03_10-42-04,1578076924,3.412602663040161,2411.2226922512054,8841,Francesco-PC,132.239.10.91,374.93502283096313,485684,107,0.33646102568477376,0.30840583751640205,0.9332884634615212,3044864,3089567,1271.911,2.101,2320.282,6.056,0.9610840082168579,9.999999747378752e-05,0.5521152,-0.07397963,0.6130343,0.9413022,0.013589411,1.8394531,0.0
0.548,-29.951999999999998,-1.2285899999999998,59.02,80,4766,False,3094333,52499,688,3cfd2f0e9d0a4660aae7288d1508ad82,2020-01-03_10-42-08,1578076928,3.6565682888031006,2414.8792605400085,8841,Francesco-PC,132.239.10.91,378.59159111976624,490450,108,0.33553662771857945,0.30798955123079,0.9313194025539864,3049600,3094333,1286.069,2.122,2340.125,6.053,0.9610840082168579,9.999999747378752e-05,0.21532612,-0.065475345,0.26690012,0.8976135,0.014464239,1.7599533,0.0
0.505,-21.003999999999998,-1.0237899999999998,56.91,77,4228,False,3098561,52576,689,3cfd2f0e9d0a4660aae7288d1508ad82,2020-01-03_10-42-11,1578076931,3.2370493412017822,2418.1163098812103,8841,Francesco-PC,132.239.10.91,381.828640460968,494678,109,0.33630390046222475,0.3083742315420869,0.9326756187285952,3053824,3098561,1290.011,2.128,2346.202,6.024,0.9610840082168579,9.999999747378752e-05,0.19492978,-0.06805706,0.25000736,0.95721257,0.013505041,1.8397603,0.0
0.5439999999999999,-29.995,-2.1562200000000007,54.8,78,4213,False,3102774,52654,690,3cfd2f0e9d0a4660aae7288d1508ad82,2020-01-03_10-42-14,1578076934,3.166518211364746,2421.282828092575,8841,Francesco-PC,132.239.10.91,384.99515867233276,498891,110,0.335122472952121,0.30748834752755483,0.9301657535151964,3057920,3102774,1291.954,2.145,2313.446,6.041,0.9610840082168579,9.999999747378752e-05,0.6534997,-0.07413049,0.7117823,0.9512036,0.016489636,1.7843254,0.0
0.553,-33.99199999999999,-1.67268,52.93,78,4205,False,3106979,52732,691,3cfd2f0e9d0a4660aae7288d1508ad82,2020-01-03_10-42-18,1578076938,3.150578498840332,2424.4334065914154,8841,Francesco-PC,132.239.10.91,388.1457371711731,503096,111,0.33618208355816165,0.3083492669810516,0.9326627080911999,3062016,3106979,1277.149,2.151,2288.025,5.481,0.9610840082168579,9.999999747378752e-05,0.45184454,-0.059812773,0.49824542,0.95371,0.013954917,1.8271269,0.0
0.5219999999999999,-33.99199999999999,-3.033759999999999,50.98,84,4144,False,3111123,52816,692,3cfd2f0e9d0a4660aae7288d1508ad82,2020-01-03_10-42-21,1578076941,3.1402204036712646,2427.5736269950867,8841,Francesco-PC,132.239.10.91,391.28595757484436,507240,112,0.3364513599922996,0.30835209868422675,0.9333169368120057,3066112,3111123,1273.533,2.16,2278.924,5.488,0.9610840082168579,9.999999747378752e-05,0.7579813,-0.073960595,0.8169404,0.9438437,0.015608923,1.9484642,0.0
0.5690000000000001,-31.002,-1.7928,50.47,89,4603,False,3115726,52905,693,3cfd2f0e9d0a4660aae7288d1508ad82,2020-01-03_10-42-25,1578076945,3.464918613433838,2431.0385456085205,8841,Francesco-PC,132.239.10.91,394.7508761882782,511843,113,0.3363985470074764,0.30860423614735133,0.9335937093790406,3070592,3115726,1282.167,2.149,2286.467,5.499,0.9610840082168579,9.999999747378752e-05,0.32718894,-0.06217454,0.37541565,0.95998645,0.014512588,1.8076625,0.0
0.522,-27.769999999999996,-1.88302,51.23,86,4281,False,3120007,52991,694,3cfd2f0e9d0a4660aae7288d1508ad82,2020-01-03_10-42-28,1578076948,3.222438097000122,2434.2609837055206,8841,Francesco-PC,132.239.10.91,397.9733142852783,516124,114,0.3360693402168988,0.30850394792409275,0.9325870543426775,3074816,3120007,1205.595,2.097,2242.46,5.498,0.9610840082168579,9.999999747378752e-05,0.38287982,-0.06070166,0.4299811,0.9492647,0.014151054,1.8891066,0.0
0.5579999999999999,-27.769999999999996,-1.82286,51.26,84,4447,False,3124454,53075,695,3cfd2f0e9d0a4660aae7288d1508ad82,2020-01-03_10-42-32,1578076952,3.361715078353882,2437.6226987838745,8841,Francesco-PC,132.239.10.91,401.3350293636322,520571,115,0.3352832344800835,0.30774503123324193,0.9304425253520542,3079168,3124454,1124.143,2.099,2160.217,5.589,0.9610840082168579,9.999999747378752e-05,0.11840795,-0.07149443,0.17646317,0.9649085,0.013983369,1.8284615,0.0
0.5230000000000001,-32.0,-1.4409099999999997,50.8,84,4265,False,3128719,53159,696,3cfd2f0e9d0a4660aae7288d1508ad82,2020-01-03_10-42-35,1578076955,3.230665683746338,2440.853364467621,8841,Francesco-PC,132.239.10.91,404.56569504737854,524836,116,0.3360587850841529,0.30811417484487214,0.9316248562450347,3083392,3128719,1124.083,2.098,2161.765,5.606,0.9610840082168579,9.999999747378752e-05,0.64184886,-0.058777798,0.68966824,0.89002895,0.011402188,1.8990376,0.0
0.5230000000000001,-28.005,-2.2232,48.88,91,4257,False,3132976,53250,697,3cfd2f0e9d0a4660aae7288d1508ad82,2020-01-03_10-42-38,1578076958,3.207089424133301,2444.060453891754,8841,Francesco-PC,132.239.10.91,407.77278447151184,529093,117,0.33646248535439577,0.30830818872982874,0.9319994540176421,3087616,3132976,1117.493,2.083,2147.945,5.57,0.9610840082168579,9.999999747378752e-05,0.4090104,-0.06993511,0.46384144,0.9592596,0.015715646,1.8478514,0.0
0.5850000000000002,-28.005,-1.5953400000000004,53.69,79,4384,False,3137360,53329,698,3cfd2f0e9d0a4660aae7288d1508ad82,2020-01-03_10-42-41,1578076961,3.312678575515747,2447.37313246727,8841,Francesco-PC,132.239.10.91,411.0854630470276,533477,118,0.33618253875977927,0.3082844265691271,0.9314138436041961,3091968,3137360,1103.135,2.033,2128.016,5.586,0.9610840082168579,9.999999747378752e-05,0.073352866,-0.0658296,0.12428028,0.9687378,0.01550562,1.8576027,0.0
0.539,-21.888,-1.3540599999999998,62.04,88,5553,False,3142913,53417,699,3cfd2f0e9d0a4660aae7288d1508ad82,2020-01-03_10-42-46,1578076966,4.673798561096191,2452.046931028366,8841,Francesco-PC,132.239.10.91,415.7592616081238,539030,119,0.3359560479654116,0.30834018534335017,0.931221527838704,3097472,3142913,1181.899,2.082,2192.747,5.614,0.9610840082168579,9.999999747378752e-05,0.3056076,-0.047466233,0.2611825,0.9403983,0.09561212,1.6886833,0.0
0.539,-37.007999999999996,-2.016959999999999,48.38,90,4459,False,3147372,53507,700,3cfd2f0e9d0a4660aae7288d1508ad82,2020-01-03_10-42-49,1578076969,3.3141965866088867,2455.361127614975,8841,Francesco-PC,132.239.10.91,419.07345819473267,543489,120,0.3364973371135845,0.3083927625263891,0.9315491576425982,3101824,3147372,1184.157,2.074,2205.2,5.625,1.441625952720642,9.999999747378752e-05,1.1712418,-0.05240084,1.2124093,0.9096435,0.0077921012,1.8610245,0.0
0.4990000000000001,-24.036,-0.6958499999999997,52.38,82,4338,False,3151710,53589,701,3cfd2f0e9d0a4660aae7288d1508ad82,2020-01-03_10-42-54,1578076974,3.254913330078125,2458.616040945053,8841,Francesco-PC,132.239.10.91,422.3283715248108,547827,121,0.336328489014667,0.30806287574601315,0.9307065261695763,3106048,3151710,1189.025,2.075,2211.228,5.187,1.441625952720642,9.999999747378752e-05,0.0519467,-0.053081375,0.09380075,0.8694264,0.0077879583,1.7819194,0.0
0.507,-24.036,-1.84358,67.95,80,5718,False,3157428,53669,702,3cfd2f0e9d0a4660aae7288d1508ad82,2020-01-03_10-42-58,1578076978,4.584967613220215,2463.2010085582733,8841,Francesco-PC,132.239.10.91,426.913339138031,553545,122,0.33684848136355794,0.30829569795050554,0.9315551606275642,3111680,3157428,1256.677,2.159,2287.896,5.152,1.441625952720642,9.999999747378752e-05,0.16297568,-0.05818876,0.20718674,0.9672191,0.00969579,1.6004688,0.0
0.548,-24.009999999999998,-0.61373,65.9,72,4445,False,3161873,53741,703,3cfd2f0e9d0a4660aae7288d1508ad82,2020-01-03_10-43-02,1578076982,3.345107316970825,2466.546115875244,8841,Francesco-PC,132.239.10.91,430.25844645500183,557990,123,0.33634704913317903,0.3082871914841158,0.9312311892697851,3116032,3161873,1251.214,2.166,2281.441,5.121,1.441625952720642,9.999999747378752e-05,-0.0115703065,-0.06087435,0.03487165,0.120143905,0.010011196,1.657887,0.0
0.505,-22.891999999999996,-1.5427099999999998,57.64,80,4392,False,3166265,53821,704,3cfd2f0e9d0a4660aae7288d1508ad82,2020-01-03_10-43-05,1578076985,3.3036675453186035,2469.8497834205627,8841,Francesco-PC,132.239.10.91,433.56211400032043,562382,124,0.3366365725006528,0.30861745420297887,0.9322069764551677,3120384,3166265,1253.184,2.138,2287.671,5.076,1.441625952720642,9.999999747378752e-05,0.23682651,-0.06295748,0.28732434,0.9568495,0.008642767,1.8829066,0.0
0.552,-20.822000000000003,-0.79688,57.29,78,4372,False,3170637,53899,705,3cfd2f0e9d0a4660aae7288d1508ad82,2020-01-03_10-43-08,1578076988,3.317631483078003,2473.1674149036407,8841,Francesco-PC,132.239.10.91,436.87974548339844,566754,125,0.3356554221775556,0.30770122923090504,0.9294806792240606,3124736,3170637,1248.083,2.089,2288.474,4.96,1.441625952720642,9.999999747378752e-05,0.11925805,-0.059557017,0.1632156,0.9097548,0.010820749,1.78929,0.0
0.526,-24.906,-1.33217,53.17,85,4356,False,3174993,53984,706,3cfd2f0e9d0a4660aae7288d1508ad82,2020-01-03_10-43-12,1578076992,3.3062703609466553,2476.4736852645874,8841,Francesco-PC,132.239.10.91,440.1860158443451,571110,126,0.3363183714441331,0.308001688415467,0.9305500972284225,3129088,3174993,1251.147,2.108,2292.906,4.962,1.441625952720642,9.999999747378752e-05,0.18304752,-0.06523883,0.23458004,0.96164566,0.009507547,1.9178828,0.0
0.562,-33.0,-2.4648799999999995,49.34,90,4427,False,3179420,54074,707,3cfd2f0e9d0a4660aae7288d1508ad82,2020-01-03_10-43-15,1578076995,3.3269872665405273,2479.800672531128,8841,Francesco-PC,132.239.10.91,443.5130031108856,575537,127,0.33553411214282947,0.3077524606615104,0.9287085604088523,3133440,3179420,1256.31,2.105,2299.762,4.932,1.441625952720642,9.999999747378752e-05,0.7359273,-0.06475364,0.78457606,0.9510608,0.011171327,1.9225596,0.0
0.552,-31.87,-1.92738,50.49,86,4349,False,3183769,54160,708,3cfd2f0e9d0a4660aae7288d1508ad82,2020-01-03_10-43-18,1578076998,3.218430757522583,2483.0191032886505,8841,Francesco-PC,132.239.10.91,446.7314338684082,579886,128,0.3363350024042952,0.308230995289202,0.9305096576091805,3137664,3183769,1253.356,2.114,2293.231,4.932,1.441625952720642,9.999999747378752e-05,0.76145196,-0.054050587,0.80259436,0.9258572,0.008953876,1.8401164,0.0
0.53,-31.87,-1.8402,49.59,86,4364,False,3188133,54246,709,3cfd2f0e9d0a4660aae7288d1508ad82,2020-01-03_10-43-21,1578077001,3.2899527549743652,2486.309056043625,8841,Francesco-PC,132.239.10.91,450.02138662338257,584250,129,0.3363219254435036,0.30844581791866515,0.9307737430951293,3142016,3188133,1174.179,2.089,2234.158,4.936,1.441625952720642,9.999999747378752e-05,0.13115679,-0.06481051,0.1800585,0.9501222,0.011035318,1.8466524,0.0
0.544,-31.002,-2.29291,51.06,84,4326,False,3192459,54330,710,3cfd2f0e9d0a4660aae7288d1508ad82,2020-01-03_10-43-25,1578077005,3.264385938644409,2489.5734419822693,8841,Francesco-PC,132.239.10.91,453.285772562027,588576,130,0.3367278905232424,0.308361233387154,0.9310823291442145,3146240,3192459,1172.767,2.096,2230.714,4.87,1.441625952720642,9.999999747378752e-05,1.0699793,-0.064083256,1.1191785,0.9142157,0.01032453,1.9153261,0.0
0.5620000000000002,-27.942999999999998,-2.6579400000000004,48.51,92,4289,False,3196748,54422,711,3cfd2f0e9d0a4660aae7288d1508ad82,2020-01-03_10-43-29,1578077009,3.2278084754943848,2492.8012504577637,8841,Francesco-PC,132.239.10.91,456.51358103752136,592865,131,0.33577948377737094,0.3078980406698582,0.9288225596810328,3150464,3196748,1170.448,2.089,2230.313,4.904,1.441625952720642,9.999999747378752e-05,0.88936806,-0.069728576,0.941287,0.93139255,0.0123538785,1.9904302,0.0
0.529,-22.014,-1.06281,59.05,66,4217,False,3200965,54488,712,3cfd2f0e9d0a4660aae7288d1508ad82,2020-01-03_10-43-32,1578077012,3.139075994491577,2495.9403264522552,8841,Francesco-PC,132.239.10.91,459.65265703201294,597082,132,0.33631503833250187,0.3078257763144412,0.9287471385068994,3154560,3200965,1102.46,2.006,2153.864,4.921,1.441625952720642,9.999999747378752e-05,0.2189743,-0.059444852,0.26515457,0.80421436,0.009201131,1.7351642,0.0
0.509,-42.007,-2.25886,50.37,84,4261,False,3205226,54572,713,3cfd2f0e9d0a4660aae7288d1508ad82,2020-01-03_10-43-35,1578077015,3.2029569149017334,2499.143283367157,8841,Francesco-PC,132.239.10.91,462.8556139469147,601343,133,0.3367814190652591,0.30839794662736836,0.9302720093333832,3158784,3205226,1095.267,2.023,2146.829,4.935,1.441625952720642,9.999999747378752e-05,1.9525127,-0.056024745,1.9918727,0.9170971,0.011559863,1.8921757,0.0
0.542,-42.007,-2.9907,52.1,81,4374,False,3209600,54653,714,3cfd2f0e9d0a4660aae7288d1508ad82,2020-01-03_10-43-39,1578077019,3.326022148132324,2502.4693055152893,8841,Francesco-PC,132.239.10.91,466.181636095047,605717,134,0.3359008418083089,0.3080273382445182,0.92878930634353,3163136,3209600,1097.696,2.035,2146.605,4.974,1.441625952720642,9.999999747378752e-05,0.29963374,-0.068919614,0.35235316,0.95786744,0.011237459,1.815591,0.0
0.5200000000000001,-26.942,-1.6147400000000003,54.23,84,4379,False,3213979,54737,715,3cfd2f0e9d0a4660aae7288d1508ad82,2020-01-03_10-43-42,1578077022,3.317598581314087,2505.7869040966034,8841,Francesco-PC,132.239.10.91,469.4992346763611,610096,135,0.33728447282095997,0.30872959801686867,0.9314236759639064,3167488,3213979,1098.237,2.038,2146.074,5.015,1.441625952720642,9.999999747378752e-05,0.15870166,-0.06266756,0.20646492,0.9605385,0.010338519,1.8407869,0.0
0.532,-30.753,-3.45786,47.97,91,4263,False,3218242,54828,716,3cfd2f0e9d0a4660aae7288d1508ad82,2020-01-03_10-43-45,1578077025,3.2179932594299316,2509.0048973560333,8841,Francesco-PC,132.239.10.91,472.717227935791,614359,136,0.33660453946369784,0.3084168636198359,0.9299586656423203,3171712,3218242,1096.377,2.009,2139.158,5.014,1.441625952720642,9.999999747378752e-05,1.254483,-0.069022305,1.3043772,0.93224967,0.0132683255,2.0040205,0.0
0.5499999999999999,-33.97299999999999,-2.33349,53.88,80,4435,False,3222677,54908,717,3cfd2f0e9d0a4660aae7288d1508ad82,2020-01-03_10-43-49,1578077029,3.3614418506622314,2512.3663392066956,8841,Francesco-PC,132.239.10.91,476.07866978645325,618794,137,0.33601858844159066,0.30789629452902084,0.927974793722662,3176064,3222677,1098.481,2.012,2140.422,5.046,1.441625952720642,9.999999747378752e-05,0.3314276,-0.06664049,0.38227355,0.9483438,0.010956059,1.8080472,0.0
0.5499999999999999,-33.97299999999999,-3.0512700000000006,57.39,78,4752,False,3227429,54986,718,3cfd2f0e9d0a4660aae7288d1508ad82,2020-01-03_10-43-52,1578077032,3.807347536087036,2516.1736867427826,8841,Francesco-PC,132.239.10.91,479.8860173225403,623546,138,0.33649368670953295,0.308250527485171,0.9286082596414854,3180800,3227429,1130.635,1.988,2167.128,5.074,1.441625952720642,9.999999747378752e-05,0.57087445,-0.058194883,0.6062649,0.9452125,0.015818596,1.7204391,0.0
0.52,-22.775000000000002,-1.9512999999999996,63.29,78,5235,False,3232664,55064,719,3cfd2f0e9d0a4660aae7288d1508ad82,2020-01-03_10-43-57,1578077037,4.200946092605591,2520.374632835388,8841,Francesco-PC,132.239.10.91,484.0869634151459,628781,139,0.3361599193215815,0.3079602890831378,0.9278151312898468,3185920,3232664,1181.725,1.994,2207.082,5.076,1.441625952720642,9.999999747378752e-05,0.40691036,-0.05080966,0.4430874,0.9409677,0.010150082,1.63211,0.0
0.479,-29.74,-1.7834299999999998,75.31,71,4733,False,3237397,55135,720,3cfd2f0e9d0a4660aae7288d1508ad82,2020-01-03_10-44-00,1578077040,3.6258444786071777,2524.0004773139954,8841,Francesco-PC,132.239.10.91,487.71280789375305,633514,140,0.3369262388523137,0.3081800382261636,0.9296302617615223,3190528,3237397,1199.623,2.012,2225.161,5.117,1.441625952720642,9.999999747378752e-05,0.25997645,-0.048882596,0.28859413,0.9450805,0.014056977,1.6066654,0.0
0.5549999999999999,-35.010999999999996,-2.931640000000001,56.36,89,4466,False,3241863,55224,721,3cfd2f0e9d0a4660aae7288d1508ad82,2020-01-03_10-44-05,1578077045,3.395655870437622,2527.396133184433,8841,Francesco-PC,132.239.10.91,491.1084637641907,637980,141,0.3363210137631469,0.3080023606233201,0.9281706708705272,3194880,3241863,1209.025,2.053,2231.548,5.944,1.441625952720642,9.999999747378752e-05,1.0372024,-0.056549903,1.081151,0.9361717,0.00874111,1.9664335,0.0
0.5559999999999999,-25.934,-1.1606300000000003,52.72,85,4500,False,3246363,55309,722,3cfd2f0e9d0a4660aae7288d1508ad82,2020-01-03_10-44-08,1578077048,3.406184673309326,2530.8023178577423,8841,Francesco-PC,132.239.10.91,494.5146484375,642480,142,0.3357510744482516,0.30770579995480196,0.9275741945106185,3199360,3246363,1216.994,2.051,2250.234,5.932,1.441625952720642,9.999999747378752e-05,0.40395224,-0.05878214,0.4499597,0.8854825,0.008861286,1.8155093,0.0
0.511,-36.001,-2.53888,50.3,84,4264,False,3250627,55393,723,3cfd2f0e9d0a4660aae7288d1508ad82,2020-01-03_10-44-11,1578077051,3.2455954551696777,2534.047913312912,8841,Francesco-PC,132.239.10.91,497.7602438926697,646744,143,0.33593667112211184,0.3079874694072615,0.9276125802347996,3203584,3250627,1221.198,2.014,2250.334,5.94,1.441625952720642,9.999999747378752e-05,1.1345081,-0.04707243,1.1704891,0.90843016,0.007693717,1.992839,0.0
0.5480000000000002,-34.022,-1.4457100000000003,51.31,84,4435,False,3255062,55477,724,3cfd2f0e9d0a4660aae7288d1508ad82,2020-01-03_10-44-15,1578077055,3.3859775066375732,2537.4338908195496,8841,Francesco-PC,132.239.10.91,501.14622139930725,651179,144,0.3362915456901339,0.30807438837657974,0.9282699375906667,3207936,3255062,1225.519,2.014,2251.959,5.966,1.441625952720642,9.999999747378752e-05,0.22060272,-0.05982843,0.26543927,0.91355896,0.010399297,1.7827961,0.0
0.5480000000000002,-34.95199999999999,-2.39031,55.64,79,4511,False,3259573,55556,725,3cfd2f0e9d0a4660aae7288d1508ad82,2020-01-03_10-44-19,1578077059,4.038508653640747,2541.4723994731903,8841,Francesco-PC,132.239.10.91,505.184730052948,655690,145,0.3368792646881579,0.30841650423729733,0.9306897253741847,3212416,3259573,1266.634,2.029,2282.922,5.924,1.441625952720642,9.999999747378752e-05,0.50444376,-0.06237733,0.5502437,0.95017844,0.011499129,1.8755883,0.0
0.556,-24.741,-1.9312099999999999,53.07,87,4414,False,3263987,55643,726,3cfd2f0e9d0a4660aae7288d1508ad82,2020-01-03_10-44-22,1578077062,3.352280616760254,2544.8246800899506,8841,Francesco-PC,132.239.10.91,508.53701066970825,660104,146,0.3370636285485742,0.30846013696820995,0.931587967914323,3216768,3263987,1271.854,2.049,2291.081,5.941,1.441625952720642,9.999999747378752e-05,0.24606884,-0.071225725,0.29942152,0.96770644,0.012397853,1.8677037,0.0
0.556,-27.943,-1.4258099999999996,52.94,80,4215,False,3268202,55723,727,3cfd2f0e9d0a4660aae7288d1508ad82,2020-01-03_10-44-25,1578077065,3.1415634155273438,2547.966243505478,8841,Francesco-PC,132.239.10.91,511.6785740852356,664319,147,0.3371072315286585,0.3083953383466134,0.9311994312135318,3220864,3268202,1263.863,2.043,2277.117,5.931,1.441625952720642,9.999999747378752e-05,0.80907273,-0.05737974,0.8536017,0.8963908,0.008914124,1.8941721,0.0
0.5219999999999999,-34.931,-3.3434399999999997,46.9,95,4478,False,3272680,55818,728,3cfd2f0e9d0a4660aae7288d1508ad82,2020-01-03_10-44-29,1578077069,3.327151298522949,2551.293394804001,8841,Francesco-PC,132.239.10.91,515.0057253837585,668797,148,0.33654723805937325,0.30831064614827125,0.9306656158285105,3225216,3272680,1236.563,2.075,2256.453,5.89,1.441625952720642,9.999999747378752e-05,1.3067861,-0.063785575,1.3531008,0.909133,0.01211888,2.0149617,0.0
0.5750000000000001,-27.941999999999997,-1.57821,50.68,84,4319,False,3276999,55902,729,3cfd2f0e9d0a4660aae7288d1508ad82,2020-01-03_10-44-32,1578077072,3.2491214275360107,2554.542516231537,8841,Francesco-PC,132.239.10.91,518.2548468112946,673116,149,0.3365540558076718,0.30844026765412086,0.9304796837580733,3229440,3276999,1185.982,2.049,2211.881,5.888,1.441625952720642,9.999999747378752e-05,0.24904598,-0.06468687,0.29756203,0.8200327,0.011217057,1.8021755,0.0
0.5750000000000001,-33.931,-1.6264399999999997,55.26,75,4268,False,3281267,55977,730,3cfd2f0e9d0a4660aae7288d1508ad82,2020-01-03_10-44-35,1578077075,3.2263524532318115,2557.7688686847687,8841,Francesco-PC,132.239.10.91,521.4811992645264,677384,150,0.3372268330305673,0.3085792795452441,0.9311681329417911,3233664,3281267,1166.077,2.036,2191.927,5.892,1.441625952720642,9.999999747378752e-05,0.48659393,-0.056579053,0.52791995,0.94002,0.010580503,1.8049692,0.0
0.543,-25.008,-1.0614700000000001,57.69,81,4341,False,3285608,56058,731,3cfd2f0e9d0a4660aae7288d1508ad82,2020-01-03_10-44-39,1578077079,3.275721549987793,2561.0445902347565,8841,Francesco-PC,132.239.10.91,524.7569208145142,681725,151,0.33675668997597247,0.30819120147901713,0.9297674375367245,3237888,3285608,1159.584,2.011,2187.937,4.505,1.441625952720642,9.999999747378752e-05,0.27165428,-0.061178837,0.31566367,0.9570496,0.011909778,1.8764414,0.0
0.482,-30.901999999999997,-1.21731,50.54,84,4395,False,3290003,56142,732,3cfd2f0e9d0a4660aae7288d1508ad82,2020-01-03_10-44-43,1578077083,3.3293099403381348,2564.3739001750946,8841,Francesco-PC,132.239.10.91,528.0862307548523,686120,152,0.3369312856989582,0.30847898154412023,0.9311914395140406,3242240,3290003,1158.372,2.005,2181.54,4.499,1.441625952720642,9.999999747378752e-05,0.5716073,-0.050378706,0.6091106,0.92138904,0.008931129,1.8922673,0.0
0.518,-30.901999999999997,-2.4031899999999995,45.74,92,4204,False,3294207,56234,733,3cfd2f0e9d0a4660aae7288d1508ad82,2020-01-03_10-44-46,1578077086,3.13981294631958,2567.513713121414,8841,Francesco-PC,132.239.10.91,531.2260437011719,690324,153,0.33681256434672124,0.3084579168441514,0.9307328229392587,3246336,3294207,1154.373,2.004,2174.89,4.546,1.441625952720642,9.999999747378752e-05,0.66003895,-0.06299555,0.70773304,0.9381093,0.010614035,2.0258944,0.0
0.549,-45.0,-2.35452,61.31,76,5082,False,3299289,56310,734,3cfd2f0e9d0a4660aae7288d1508ad82,2020-01-03_10-44-50,1578077090,3.9221248626708984,2571.435837984085,8841,Francesco-PC,132.239.10.91,535.1481685638428,695406,154,0.33781095928407245,0.3088018510974785,0.9320087736836237,3251328,3299289,1178.217,2.027,2204.606,4.535,1.441625952720642,9.999999747378752e-05,1.3861536,-0.051446855,1.4248427,0.8924318,0.008849572,1.7136604,0.0
0.547,-31.901,-1.30228,60.92,72,4418,False,3303707,56382,735,3cfd2f0e9d0a4660aae7288d1508ad82,2020-01-03_10-44-53,1578077093,3.2997887134552,2574.7356266975403,8841,Francesco-PC,132.239.10.91,538.447957277298,699824,155,0.3382293756250629,0.3092502373839998,0.9333112270355286,3255680,3303707,1135.659,2.03,2173.229,4.61,1.441625952720642,9.999999747378752e-05,0.1305732,-0.05697053,0.173432,0.81456906,0.009788758,1.7558594,0.0
0.547,-23.009,-1.2241600000000001,74.49,76,5895,False,3309602,56458,736,3cfd2f0e9d0a4660aae7288d1508ad82,2020-01-03_10-44-58,1578077098,4.753519296646118,2579.4891459941864,8841,Francesco-PC,132.239.10.91,543.2014765739441,705719,156,0.3371715348993361,0.3083921238103142,0.9305809418212724,3261568,3309602,1199.562,2.044,2249.39,4.579,1.441625952720642,9.999999747378752e-05,0.15039232,-0.04515351,0.17577411,0.9753102,0.013714867,1.6519198,0.0
0.5419999999999999,-25.023999999999997,-1.3108899999999999,84.82,56,5223,False,3314825,56514,737,3cfd2f0e9d0a4660aae7288d1508ad82,2020-01-03_10-45-02,1578077102,3.931323766708374,2583.420469760895,8841,Francesco-PC,132.239.10.91,547.1328003406525,710942,157,0.3376092571061167,0.3083782466667722,0.9319064627288743,3266688,3314825,1226.917,2.093,2300.924,4.598,1.441625952720642,9.999999747378752e-05,0.2781984,-0.0419614,0.29649544,0.8555519,0.016415019,1.3308282,0.0
0.499,-24.700999999999993,-1.4084900000000002,54.23,87,4304,False,3319129,56601,738,3cfd2f0e9d0a4660aae7288d1508ad82,2020-01-03_10-45-05,1578077105,3.2315468788146973,2586.6520166397095,8841,Francesco-PC,132.239.10.91,550.3643472194672,715246,158,0.3371099239817143,0.3084171007448703,0.9308310789911861,3270912,3319129,1223.514,2.074,2294.772,4.613,1.441625952720642,9.999999747378752e-05,0.16563153,-0.06072777,0.21351564,0.9758671,0.008909163,1.8895547,0.0
0.5299999999999999,-22.78199999999999,-1.40619,59.37,85,5112,False,3324241,56686,739,3cfd2f0e9d0a4660aae7288d1508ad82,2020-01-03_10-45-09,1578077109,4.074429035186768,2590.7264456748962,8841,Francesco-PC,132.239.10.91,554.4387762546539,720358,159,0.3357956228521514,0.30760696881944116,0.9281472957597521,3275904,3324241,1269.545,2.093,2331.263,4.581,1.441625952720642,9.999999747378752e-05,0.2715991,-0.054114502,0.3129353,0.93535537,0.008863848,1.8102707,0.0
0.56,-22.78199999999999,-1.3086700000000002,60.21,65,4319,False,3328560,56751,740,3cfd2f0e9d0a4660aae7288d1508ad82,2020-01-03_10-45-12,1578077112,3.2237942218780518,2593.9502398967743,8841,Francesco-PC,132.239.10.91,557.662570476532,724677,160,0.3363847359533238,0.30774791410096514,0.928987004602604,3280128,3328560,1268.203,2.1,2332.328,4.541,1.441625952720642,9.999999747378752e-05,0.110853635,-0.044636477,0.12673838,0.9589236,0.019943962,1.6664395,0.0
0.56,-23.008,-1.3517499999999998,53.32,82,4427,False,3332987,56833,741,3cfd2f0e9d0a4660aae7288d1508ad82,2020-01-03_10-45-17,1578077117,3.3314924240112305,2597.2817323207855,8841,Francesco-PC,132.239.10.91,560.9940629005432,729104,161,0.3358405495046259,0.3075544089214099,0.9274489716541384,3284480,3332987,1268.862,2.08,2337.095,4.684,1.441625952720642,9.999999747378752e-05,0.41293955,-0.057975285,0.4581983,0.91656095,0.0088209845,1.9199333,0.0
0.509,-27.863,-1.4783100000000002,50.27,87,4264,False,3337251,56920,742,3cfd2f0e9d0a4660aae7288d1508ad82,2020-01-03_10-45-20,1578077120,3.215303659439087,2600.4970359802246,8841,Francesco-PC,132.239.10.91,564.2093665599823,733368,162,0.33667467923688904,0.3083373082924658,0.929854168136911,3288704,3337251,1263.622,2.072,2330.928,4.706,1.441625952720642,9.999999747378752e-05,0.4823331,-0.057034306,0.52681994,0.9417087,0.00870369,1.9860054,0.0
0.5219999999999999,-26.047,-2.4367,48.23,89,4278,False,3341529,57009,743,3cfd2f0e9d0a4660aae7288d1508ad82,2020-01-03_10-45-23,1578077123,3.255256414413452,2603.752292394638,8841,Francesco-PC,132.239.10.91,567.4646229743958,737646,163,0.33617433007353853,0.30802069714705843,0.928525241670105,3292928,3341529,1268.623,2.115,2337.484,4.652,1.441625952720642,9.999999747378752e-05,0.48041964,-0.058025803,0.5247924,0.956502,0.009470584,2.034369,0.0
0.5670000000000001,-25.730999999999998,-1.27849,53.4,84,4546,False,3346075,57093,744,3cfd2f0e9d0a4660aae7288d1508ad82,2020-01-03_10-45-27,1578077127,3.415795087814331,2607.1680874824524,8841,Francesco-PC,132.239.10.91,570.8804180622101,742192,164,0.33585180589712693,0.30782084090661815,0.9282913803588845,3297408,3346075,1242.094,2.1,2313.469,4.63,1.441625952720642,9.999999747378752e-05,0.34852895,-0.052897256,0.38574758,0.92250574,0.010875654,1.818147,0.0
0.5519999999999999,-25.730999999999998,-2.2309300000000003,54.2,80,4419,False,3350494,57173,745,3cfd2f0e9d0a4660aae7288d1508ad82,2020-01-03_10-45-30,1578077130,3.3453314304351807,2610.5134189128876,8841,Francesco-PC,132.239.10.91,574.2257494926453,746611,165,0.3372416822276294,0.30852401828905324,0.930973365592127,3301760,3350494,1246.847,2.062,2313.284,4.636,1.441625952720642,9.999999747378752e-05,0.26934543,-0.061770692,0.31529137,0.9544219,0.010976997,1.9018183,0.0
0.5519999999999999,-28.006999999999998,-1.71685,52.17,82,4304,False,3354798,57255,746,3cfd2f0e9d0a4660aae7288d1508ad82,2020-01-03_10-45-33,1578077133,3.2148478031158447,2613.7282667160034,8841,Francesco-PC,132.239.10.91,577.4405972957611,750915,166,0.3368062608695928,0.30827858894976173,0.9294071918230671,3305984,3354798,1177.433,2.017,2228.888,4.689,1.441625952720642,9.999999747378752e-05,0.10507151,-0.07030974,0.15704651,0.98028797,0.012718097,1.9908484,0.0
0.5249999999999999,-34.96299999999999,-1.17021,53.37,83,4305,False,3359103,57338,747,3cfd2f0e9d0a4660aae7288d1508ad82,2020-01-03_10-45-36,1578077136,3.2361435890197754,2616.964410305023,8841,Francesco-PC,132.239.10.91,580.6767408847809,755220,167,0.3368010999753669,0.3084063954775235,0.9298030563550519,3310208,3359103,1152.7,1.977,2184.161,4.728,1.441625952720642,9.999999747378752e-05,0.5632997,-0.053518288,0.6059502,0.92356014,0.007538545,1.9341017,0.0
0.508,-27.8,-2.6421099999999997,47.2,93,4319,False,3363422,57431,748,3cfd2f0e9d0a4660aae7288d1508ad82,2020-01-03_10-45-40,1578077140,3.221447467803955,2620.185857772827,8841,Francesco-PC,132.239.10.91,583.8981883525848,759539,168,0.3360589468872868,0.3079034855815893,0.9283718695824286,3314432,3363422,1151.622,2.001,2184.219,4.737,1.441625952720642,9.999999747378752e-05,0.6975955,-0.06293704,0.745409,0.93418485,0.010490552,2.0781803,0.0
0.46699999999999997,-30.003999999999998,-1.8762099999999997,55.16,82,4569,False,3367991,57513,749,3cfd2f0e9d0a4660aae7288d1508ad82,2020-01-03_10-45-43,1578077143,3.4911937713623047,2623.6770515441895,8841,Francesco-PC,132.239.10.91,587.3893821239471,764108,169,0.33649381332975364,0.30808329603195345,0.928942308374933,3318912,3367991,1117.667,1.998,2159.89,4.756,1.441625952720642,9.999999747378752e-05,0.48242798,-0.061803326,0.53113157,0.94141674,0.009086721,1.8652939,0.0
0.554,-27.943,-2.1712099999999994,55.59,74,4220,False,3372211,57587,750,3cfd2f0e9d0a4660aae7288d1508ad82,2020-01-03_10-45-46,1578077146,3.1336934566497803,2626.8107450008392,8841,Francesco-PC,132.239.10.91,590.5230755805969,768328,170,0.3373930507885942,0.3085219344694825,0.9305685837838695,3323008,3372211,1116.665,1.971,2151.89,4.805,1.441625952720642,9.999999747378752e-05,0.27371943,-0.06529337,0.32256356,0.89434874,0.011410197,1.9294384,0.0
0.5449999999999999,-28.009999999999998,-1.3263599999999993,51.58,82,4232,False,3376443,57669,751,3cfd2f0e9d0a4660aae7288d1508ad82,2020-01-03_10-45-51,1578077151,3.2184953689575195,2630.0292403697968,8841,Francesco-PC,132.239.10.91,593.7415709495544,772560,171,0.33695432779418655,0.3082021374187445,0.9292912173054202,3327232,3376443,1112.603,1.964,2144.75,4.737,1.441625952720642,9.999999747378752e-05,0.70325524,-0.057666197,0.74805003,0.91417986,0.008928402,1.8793586,0.0
0.511,-31.923000000000005,-2.2150899999999996,53.63,82,4314,False,3380757,57751,752,3cfd2f0e9d0a4660aae7288d1508ad82,2020-01-03_10-45-54,1578077154,3.239589214324951,2633.2688295841217,8841,Francesco-PC,132.239.10.91,596.9811601638794,776874,172,0.3371593462346869,0.3083971649386349,0.9293931425924842,3331456,3380757,1114.104,1.978,2145.673,4.753,1.441625952720642,9.999999747378752e-05,0.74689156,-0.06102955,0.7937218,0.9414892,0.009849494,2.036872,0.0
0.554,-48.95199999999999,-3.8377,70.97,73,5566,False,3386323,57824,753,3cfd2f0e9d0a4660aae7288d1508ad82,2020-01-03_10-45-58,1578077158,4.310827255249023,2637.5796568393707,8841,Francesco-PC,132.239.10.91,601.2919874191284,782440,173,0.336991388112839,0.3085114399042497,0.9305020777998887,3336960,3386323,1154.892,2.0,2210.381,4.752,1.441625952720642,9.999999747378752e-05,2.0127733,-0.061350297,2.0560937,0.91140026,0.012506737,1.6991137,0.0
0.554,-40.0,-1.2197000000000002,73.44,61,4225,False,3390548,57885,754,3cfd2f0e9d0a4660aae7288d1508ad82,2020-01-03_10-46-01,1578077161,3.22057843208313,2640.800235271454,8841,Francesco-PC,132.239.10.91,604.5125658512115,786665,174,0.33604731100593804,0.3081275941733216,0.9298911077888866,3341184,3390548,1147.858,1.986,2197.936,4.708,1.441625952720642,9.999999747378752e-05,0.20251076,-0.055054165,0.23957963,0.75822884,0.01247568,1.6839699,0.0
0.515,-34.949,-1.6675300000000002,69.55,72,4773,False,3395321,57957,755,3cfd2f0e9d0a4660aae7288d1508ad82,2020-01-03_10-46-05,1578077165,3.5965981483459473,2644.3968334198,8841,Francesco-PC,132.239.10.91,608.1091639995575,791438,175,0.3372860159858456,0.3087243304181586,0.9321547972670371,3345920,3395321,1153.108,2.066,2217.85,4.632,1.441625952720642,9.999999747378752e-05,0.9329139,-0.054029472,0.9694498,0.9203501,0.012134535,1.7001804,0.0
0.515,-34.949,-1.29363,68.78,74,4884,False,3400205,58031,756,3cfd2f0e9d0a4660aae7288d1508ad82,2020-01-03_10-46-09,1578077169,3.9076273441314697,2648.3044607639313,8841,Francesco-PC,132.239.10.91,612.016791343689,796322,176,0.337217833706232,0.30831718388862706,0.9305209836439593,3350784,3400205,1189.788,2.105,2250.473,4.596,1.441625952720642,9.999999747378752e-05,0.22387537,-0.049149718,0.25598344,0.9139252,0.011821155,1.667543,0.0
0.545,-35.902,-2.8150099999999996,60.62,80,5025,False,3405230,58111,757,3cfd2f0e9d0a4660aae7288d1508ad82,2020-01-03_10-46-13,1578077173,3.876206159591675,2652.180666923523,8841,Francesco-PC,132.239.10.91,615.8929975032806,801347,177,0.33606847789762556,0.30777851899059344,0.9280588231038505,3355776,3405230,1214.335,2.13,2289.92,4.542,1.441625952720642,9.999999747378752e-05,1.182448,-0.057881128,1.2267786,0.922386,0.009399442,1.9572116,0.0
0.545,-28.006999999999998,-1.64679,57.77,81,4450,False,3409680,58192,758,3cfd2f0e9d0a4660aae7288d1508ad82,2020-01-03_10-46-16,1578077176,3.3140170574188232,2655.4946839809418,8841,Francesco-PC,132.239.10.91,619.2070145606995,805797,178,0.3360442407457311,0.3076273023576417,0.9277078186297405,3360128,3409680,1215.701,2.126,2297.757,4.556,1.441625952720642,9.999999747378752e-05,0.43522692,-0.05783647,0.47503027,0.9358004,0.012508865,1.8682238,0.0
0.5810000000000001,-35.8,-2.76192,54.99,84,4544,False,3414224,58276,759,3cfd2f0e9d0a4660aae7288d1508ad82,2020-01-03_10-46-20,1578077180,3.425797462463379,2658.920481443405,8841,Francesco-PC,132.239.10.91,622.6328120231628,810341,179,0.33609848977143014,0.3078208096911702,0.9272557517682691,3364608,3414224,1209.407,2.115,2297.51,4.552,1.441625952720642,9.999999747378752e-05,1.0662049,-0.058116443,1.1110978,0.9253057,0.009172737,1.9801173,0.0
0.56,-25.864,-1.9256300000000002,53.92,78,4277,False,3418501,58354,760,3cfd2f0e9d0a4660aae7288d1508ad82,2020-01-03_10-46-23,1578077183,3.2745440006256104,2662.1950254440308,8841,Francesco-PC,132.239.10.91,625.9073560237885,814618,180,0.3363154231552994,0.30786555689670214,0.9283287538762423,3368832,3418501,1215.187,2.135,2305.889,4.487,1.441625952720642,9.999999747378752e-05,0.31645286,-0.06326501,0.3652413,0.932009,0.01004187,1.8913997,0.0
0.5760000000000001,-28.943,-2.01595,55.12,80,4383,False,3422884,58434,761,3cfd2f0e9d0a4660aae7288d1508ad82,2020-01-03_10-46-27,1578077187,3.3747572898864746,2665.5697827339172,8841,Francesco-PC,132.239.10.91,629.2821133136749,819001,181,0.3366965656614794,0.3083077468527464,0.9293792296597222,3373184,3422884,1222.692,2.143,2313.04,5.426,1.441625952720642,9.999999747378752e-05,0.5758619,-0.059360735,0.6205335,0.9407433,0.010189181,1.8780186,0.0
0.5349999999999999,-35.963,-2.7003300000000015,49.68,86,4362,False,3427246,58520,762,3cfd2f0e9d0a4660aae7288d1508ad82,2020-01-03_10-46-31,1578077191,3.3395140171051025,2668.9092967510223,8841,Francesco-PC,132.239.10.91,632.62162733078,823363,182,0.33609500746040466,0.3080710986239976,0.9284371561665746,3377536,3427246,1226.948,2.154,2318.653,5.483,1.441625952720642,9.999999747378752e-05,1.146372,-0.065194294,1.1961831,0.93491995,0.010670761,2.0062833,0.0
0.49100000000000005,-26.809999999999995,-1.2942900000000004,51.22,84,4340,False,3431586,58604,763,3cfd2f0e9d0a4660aae7288d1508ad82,2020-01-03_10-46-34,1578077194,3.241131067276001,2672.1504278182983,8841,Francesco-PC,132.239.10.91,635.862758398056,827703,183,0.33662828443360565,0.3081508924636428,0.9288535962382584,3381760,3431586,1184.411,2.093,2254.337,5.477,1.441625952720642,9.999999747378752e-05,0.3451338,-0.061461963,0.39196822,0.8857232,0.0101466,1.9091941,0.0
0.5409999999999999,-37.93299999999999,-2.8333400000000006,54.58,83,4334,False,3435920,58687,764,3cfd2f0e9d0a4660aae7288d1508ad82,2020-01-03_10-46-37,1578077197,3.2456727027893066,2675.3961005210876,8841,Francesco-PC,132.239.10.91,639.1084311008453,832037,184,0.33629409490766315,0.30771247976992727,0.9269305593130918,3385984,3435920,1187.273,2.105,2253.812,5.578,1.441625952720642,9.999999747378752e-05,0.9482972,-0.06880883,1.0003762,0.9354284,0.011604824,2.090147,0.0
0.543,-25.759999999999994,-1.6763000000000003,53.31,77,4275,False,3440195,58764,765,3cfd2f0e9d0a4660aae7288d1508ad82,2020-01-03_10-46-40,1578077200,3.2329049110412598,2678.629005432129,8841,Francesco-PC,132.239.10.91,642.3413360118866,836312,185,0.33628466761096865,0.3077137844372313,0.9271514066563179,3390208,3440195,1175.699,2.049,2229.051,5.595,1.441625952720642,9.999999747378752e-05,0.10091994,-0.062300365,0.14833862,0.95083463,0.010322844,1.8318981,0.0
0.5349999999999999,-37.97299999999999,-1.7187800000000002,57.41,73,4319,False,3444514,58837,766,3cfd2f0e9d0a4660aae7288d1508ad82,2020-01-03_10-46-44,1578077204,3.2655043601989746,2681.894509792328,8841,Francesco-PC,132.239.10.91,645.6068403720856,840631,186,0.3371204831292317,0.3083320691107256,0.929894051831912,3394432,3444514,1142.203,2.021,2198.4,5.617,1.441625952720642,9.999999747378752e-05,0.8164203,-0.060956247,0.86239797,0.9408214,0.010390044,1.8806036,0.0
0.4850000000000001,-37.97299999999999,-2.6333199999999994,48.34,88,4243,False,3448757,58925,767,3cfd2f0e9d0a4660aae7288d1508ad82,2020-01-03_10-46-47,1578077207,3.2070412635803223,2685.101551055908,8841,Francesco-PC,132.239.10.91,648.8138816356659,844874,187,0.3360503565962756,0.30786227497703633,0.9277166373347282,3398656,3448757,1115.431,1.982,2158.3,5.64,1.441625952720642,9.999999747378752e-05,0.83077717,-0.07119252,0.8787613,0.9477366,0.016098777,2.012602,0.0
0.5750000000000002,-40.953999999999986,-2.03867,49.45,88,4417,False,3453174,59013,768,3cfd2f0e9d0a4660aae7288d1508ad82,2020-01-03_10-46-50,1578077210,3.310396432876587,2688.411947488785,8841,Francesco-PC,132.239.10.91,652.1242780685425,849291,188,0.33650071152187977,0.3081742495381915,0.9282257608266662,3403008,3453174,1116.459,1.98,2156.953,5.626,1.441625952720642,9.999999747378752e-05,0.6087853,-0.0602984,0.6534276,0.9443907,0.010860005,1.9736353,0.0
0.5750000000000002,-30.749999999999993,-2.23227,48.58,87,4256,False,3457430,59100,769,3cfd2f0e9d0a4660aae7288d1508ad82,2020-01-03_10-46-53,1578077213,3.2137486934661865,2691.625696182251,8841,Francesco-PC,132.239.10.91,655.3380267620087,853547,189,0.33643104293666226,0.30807990164109494,0.9279766769734458,3407232,3457430,1107.444,1.963,2144.766,5.659,1.441625952720642,9.999999747378752e-05,0.6012669,-0.06348016,0.64858454,0.94614553,0.011211342,1.9999924,0.0
0.5539999999999999,-21.851999999999993,-2.05077,78.73,73,6534,False,3463964,59173,770,3cfd2f0e9d0a4660aae7288d1508ad82,2020-01-03_10-46-59,1578077219,5.087690591812134,2696.713386774063,8841,Francesco-PC,132.239.10.91,660.4257173538208,860081,190,0.3369398260619261,0.3078715738287784,0.9282266847143308,3413760,3463964,1171.756,2.241,2261.285,5.717,1.441625952720642,9.999999747378752e-05,0.38279828,-0.05188801,0.41084203,0.8913216,0.016539842,1.4595045,0.0
0.5539999999999999,-21.008,-0.8550400000000002,75.16,55,4637,False,3468601,59228,771,3cfd2f0e9d0a4660aae7288d1508ad82,2020-01-03_10-47-03,1578077223,3.4737415313720703,2700.187128305435,8841,Francesco-PC,132.239.10.91,663.8994588851929,864718,191,0.3373821769114694,0.30846321861955134,0.9308365690116673,3418368,3468601,1169.53,2.282,2273.429,5.673,1.441625952720642,9.999999747378752e-05,0.10008404,-0.041814126,0.045466717,0.2718862,0.066890754,1.4559059,0.0
0.4999999999999999,-30.008000000000003,-2.0386699999999998,52.35,83,4336,False,3472937,59311,772,3cfd2f0e9d0a4660aae7288d1508ad82,2020-01-03_10-47-06,1578077226,3.222200632095337,2703.4093289375305,8841,Francesco-PC,132.239.10.91,667.1216595172882,869054,192,0.3361203744268233,0.307996516866381,0.9280533775077032,3422592,3472937,1164.95,2.258,2266.428,5.586,2.1624388694763184,9.999999747378752e-05,0.3021608,-0.059439052,0.3463359,0.96941113,0.0070586856,2.0077624,0.0
0.5430000000000001,-45.0,-2.29221,60.38,85,5393,False,3478330,59396,773,3cfd2f0e9d0a4660aae7288d1508ad82,2020-01-03_10-47-11,1578077231,4.577900171279907,2707.9872291088104,8841,Francesco-PC,132.239.10.91,671.6995596885681,874447,193,0.3359699037724603,0.3079033385745526,0.9273128389283076,3427968,3478330,1241.06,2.318,2323.806,5.597,2.1624388694763184,9.999999747378752e-05,0.63483876,-0.05199975,0.6722025,0.9300631,0.0067683393,1.7777865,0.0
0.5249999999999999,-45.0,-2.6295800000000003,63.54,84,4363,False,3482693,59480,774,3cfd2f0e9d0a4660aae7288d1508ad82,2020-01-03_10-47-14,1578077234,3.325636863708496,2711.312865972519,8841,Francesco-PC,132.239.10.91,675.0251965522766,878810,194,0.33602975057482,0.30772454177549974,0.9276370142178291,3432320,3482693,1243.835,2.277,2329.236,5.509,2.1624388694763184,9.999999747378752e-05,0.5390038,-0.05728666,0.57557935,0.94042784,0.009577633,1.8032923,0.0
0.5600000000000002,-36.0,-3.2112800000000004,55.3,86,4357,False,3487050,59566,775,3cfd2f0e9d0a4660aae7288d1508ad82,2020-01-03_10-47-17,1578077237,3.303729295730591,2714.6165952682495,8841,Francesco-PC,132.239.10.91,678.3289258480072,883167,195,0.33655260118091646,0.30793789199696825,0.9285129236063383,3436672,3487050,1245.304,2.286,2334.82,5.519,2.1624388694763184,9.999999747378752e-05,1.6812794,-0.05778859,1.7240115,0.9231693,0.006962749,1.9400413,0.0
0.571,-36.001999999999995,-2.24755,58.09,73,4209,False,3491259,59639,776,3cfd2f0e9d0a4660aae7288d1508ad82,2020-01-03_10-47-21,1578077241,3.117434501647949,2717.7340297698975,8841,Francesco-PC,132.239.10.91,681.4463603496552,887376,196,0.3363302446252775,0.3079378805225593,0.9287688331912952,3440768,3491259,1239.03,2.293,2326.165,5.556,2.1624388694763184,9.999999747378752e-05,0.5420635,-0.053925194,0.5786378,0.9079845,0.008023759,1.9663818,0.0
0.54,-26.886000000000003,-1.05123,52.95,84,4388,False,3495647,59723,777,3cfd2f0e9d0a4660aae7288d1508ad82,2020-01-03_10-47-24,1578077244,3.3088271617889404,2721.0428569316864,8841,Francesco-PC,132.239.10.91,684.7551875114441,891764,197,0.3364728417033778,0.3080631250440979,0.928419799043551,3445120,3495647,1242.615,2.299,2332.64,5.597,2.1624388694763184,9.999999747378752e-05,0.34440383,-0.0533549,0.3797143,0.9405234,0.00834448,1.971962,0.0
0.541,-30.960999999999995,-1.9342000000000001,46.97,91,4243,False,3499890,59814,778,3cfd2f0e9d0a4660aae7288d1508ad82,2020-01-03_10-47-27,1578077247,3.2305428981781006,2724.2733998298645,8841,Francesco-PC,132.239.10.91,687.9857304096222,896007,198,0.33613961218763977,0.3078104099086812,0.9272344722884001,3449344,3499890,1238.859,2.278,2328.384,5.596,2.1624388694763184,9.999999747378752e-05,0.576068,-0.058229074,0.61810964,0.93884075,0.0074857236,2.0458639,0.0
0.5259999999999999,-30.960999999999995,-2.0019799999999996,46.62,88,4172,False,3504062,59902,779,3cfd2f0e9d0a4660aae7288d1508ad82,2020-01-03_10-47-30,1578077250,3.1465134620666504,2727.419913291931,8841,Francesco-PC,132.239.10.91,691.1322438716888,900179,199,0.33575282575252074,0.30769325095945727,0.9269050976763341,3453440,3504062,1239.018,2.279,2321.408,5.635,2.1624388694763184,9.999999747378752e-05,0.29683965,-0.060804665,0.3401311,0.93591213,0.008098811,1.9355913,0.0
0.5930000000000001,-26.941,-2.7468399999999997,48.47,88,4279,False,3508341,59990,780,3cfd2f0e9d0a4660aae7288d1508ad82,2020-01-03_10-47-34,1578077254,3.2433362007141113,2730.6632494926453,8841,Francesco-PC,132.239.10.91,694.375580072403,904458,200,0.3358446655953802,0.30768295068156293,0.9264594059800941,3457664,3508341,1171.782,1.98,2204.658,5.605,2.1624388694763184,9.999999747378752e-05,0.94427663,-0.060724165,0.9880717,0.9215004,0.007828725,2.0613797,0.0
